Rank,Player,Team,Position,Pass Yds,Pass TDs,Rush Yds,Rush TDs,Rec,Rec Yds,Rec TDs,FGM,Pts Agn,Tack,Pts
1,"Rodgers, Aaron",GBP,QB,4452.3,37.8,323.8,2.3,0.0,0.0,0.0,0.0,0.0,0.0,358.1
2,"Brady, Tom",NEP,QB,4882.8,35.5,85.4,1.6,0.0,0.0,0.0,0.0,0.0,0.0,342.3
3,"Ryan, Matt",ATL,QB,4861.6,34.0,87.9,0.5,0.0,0.0,0.0,0.0,0.0,0.0,318.2
4,"Brees, Drew",NOR,QB,4998.3,33.0,14.6,1.6,0.0,0.0,0.0,0.0,0.0,0.0,313.9
5,"Cousins, Kirk",WAS,QB,4737.4,26.3,80.9,5.3,0.0,0.0,0.0,0.0,0.0,0.0,309.1
6,"Wilson, Russell",SEA,QB,4151.0,29.4,376.6,0.9,0.0,0.0,0.0,0.0,0.0,0.0,300.7
7,"Luck, Andrew",IND,QB,4249.4,30.9,339.7,1.6,0.0,0.0,0.0,0.0,0.0,0.0,295.9
8,"Johnson, David",ARZ,RB,0.0,0.0,1113.2,13.7,74.9,797.3,4.1,0.0,0.0,0.0,292.7
9,"Prescott, Dak",DAL,QB,3876.4,25.7,259.2,4.6,0.0,0.0,0.0,0.0,0.0,0.0,292.1
10,"Newton, Cam",CAR,QB,3699.6,24.2,400.3,6.9,0.0,0.0,0.0,0.0,0.0,0.0,286.4
11,"Carr, Derek",OAK,QB,4301.4,32.8,97.1,0.0,0.0,0.0,0.0,0.0,0.0,0.0,283.4
12,"Winston, Jameis",TBB,QB,4400.6,26.4,203.5,3.3,0.0,0.0,0.0,0.0,0.0,0.0,281.8
13,"Stafford, Matthew",DET,QB,4324.6,25.2,173.4,2.0,0.0,0.0,0.0,0.0,0.0,0.0,280.0
14,"Taylor, Tyrod",BUF,QB,3099.7,18.3,601.2,5.4,0.0,0.0,0.0,0.0,0.0,0.0,272.7
15,"Roethlisberger, Ben",PIT,QB,4520.1,27.9,24.5,0.5,0.0,0.0,0.0,0.0,0.0,0.0,269.9
16,"Elliott, Ezekiel",DAL,RB,0.0,0.0,1595.7,12.8,35.0,322.3,0.4,0.0,0.0,0.0,268.4
17,"Mariota, Marcus",TEN,QB,3851.3,27.3,342.6,2.0,0.0,0.0,0.0,0.0,0.0,0.0,267.8
18,"Dalton, Andy",CIN,QB,4007.8,22.2,181.6,3.8,0.0,0.0,0.0,0.0,0.0,0.0,267.6
19,"Palmer, Carson",ARZ,QB,4358.9,28.7,26.5,0.4,0.0,0.0,0.0,0.0,0.0,0.0,262.8
20,"Bortles, Blake",JAC,QB,3798.1,25.1,337.9,2.6,0.0,0.0,0.0,0.0,0.0,0.0,262.2
21,"Rivers, Philip",LAC,QB,4395.2,31.6,33.1,0.0,0.0,0.0,0.0,0.0,0.0,0.0,260.1
22,"Manning, Eli",NYG,QB,4316.4,29.7,30.5,0.0,0.0,0.0,0.0,0.0,0.0,0.0,252.6
23,"Tannehill, Ryan",MIA,QB,3935.8,26.4,151.1,0.9,0.0,0.0,0.0,0.0,0.0,0.0,250.1
24,"Bell, Le'Veon",PIT,RB,0.0,0.0,1419.4,8.3,60.8,461.5,2.2,0.0,0.0,0.0,247.7
25,"Hoyer, Brian",SFO,QB,3443.4,20.4,349.4,2.9,0.0,0.0,0.0,0.0,0.0,0.0,247.4
26,"Bradford, Sam",MIN,QB,4345.8,22.1,74.7,0.0,0.0,0.0,0.0,0.0,0.0,0.0,247.2
27,"Smith, Alex",KCC,QB,3445.0,17.1,326.4,4.0,0.0,0.0,0.0,0.0,0.0,0.0,246.8
28,"Freeman, Devonta",ATL,RB,0.0,0.0,1147.6,10.8,53.0,465.0,2.0,0.0,0.0,0.0,234.9
29,"Brown, Antonio",PIT,WR,0.0,0.0,21.0,0.0,114.9,1551.7,11.4,0.0,0.0,0.0,224.8
30,"Howard, Jordan",CHI,RB,0.0,0.0,1381.5,7.9,32.3,320.8,1.4,0.0,0.0,0.0,223.5
31,"Wentz, Carson",PHI,QB,3997.1,16.9,153.3,2.1,0.0,0.0,0.0,0.0,0.0,0.0,220.5
32,"McCoy, LeSean",BUF,RB,0.0,0.0,1157.8,9.0,47.1,367.2,1.5,0.0,0.0,0.0,213.3
33,"Kessler, Cody",CLE,QB,3208.4,13.0,321.2,2.5,0.0,0.0,0.0,0.0,0.0,0.0,201.3
34,"Savage, Tom",HOU,QB,3540.2,15.5,150.8,2.5,0.0,0.0,0.0,0.0,0.0,0.0,200.4
35,"Siemian, Trevor",DEN,QB,3723.2,17.7,63.0,0.0,0.0,0.0,0.0,0.0,0.0,0.0,196.0
36,"Beckham, Odell",NYG,WR,0.0,0.0,7.8,0.0,96.1,1318.8,10.6,0.0,0.0,0.0,195.9
37,"Glennon, Mike",CHI,QB,3632.4,19.2,80.6,0.4,0.0,0.0,0.0,0.0,0.0,0.0,194.3
38,"Nelson, Jordy",GBP,WR,0.0,0.0,40.5,1.4,90.2,1123.1,11.4,0.0,0.0,0.0,193.0
39,"Murray, DeMarco",TEN,RB,0.0,0.0,1050.0,7.0,45.1,325.1,2.1,0.0,0.0,0.0,188.6
40,"Lynch, Marshawn",OAK,RB,0.0,0.0,859.3,10.7,39.7,333.3,0.8,0.0,0.0,0.0,186.9
41,"Fournette, Leonard",JAC,RB,0.0,0.0,741.9,11.6,54.3,413.2,0.9,0.0,0.0,0.0,186.5
42,"Gordon, Melvin",LAC,RB,0.0,0.0,1049.8,5.9,53.9,465.7,1.4,0.0,0.0,0.0,185.8
43,"McCown, Josh",NYJ,QB,3549.7,19.2,122.0,0.0,0.0,0.0,0.0,0.0,0.0,0.0,183.9
44,"Miller, Lamar",HOU,RB,0.0,0.0,1150.2,7.0,37.8,228.0,0.8,0.0,0.0,0.0,182.2
45,"Gurley, Todd",LAR,RB,0.0,0.0,1038.7,7.9,36.9,297.8,0.0,0.0,0.0,0.0,178.9
46,"Hyde, Carlos",SFO,RB,0.0,0.0,1004.8,5.6,37.8,300.0,3.5,0.0,0.0,0.0,177.7
47,"Evans, Mike",TBB,WR,0.0,0.0,0.0,0.0,87.0,1283.9,7.9,0.0,0.0,0.0,177.5
48,"Jones, Julio",ATL,WR,0.0,0.0,0.0,0.0,89.7,1400.0,6.4,0.0,0.0,0.0,177.3
49,"Anderson, C.J.",DEN,RB,0.0,0.0,918.8,7.7,38.9,323.0,2.0,0.0,0.0,0.0,175.9
50,"Flacco, Joe",BAL,QB,3422.9,16.3,44.0,1.9,0.0,0.0,0.0,0.0,0.0,0.0,175.1
51,"Thomas, Michael",NOR,WR,0.0,0.0,8.9,0.0,84.7,1150.6,9.7,0.0,0.0,0.0,174.4
52,"Ajayi, Jay",MIA,RB,0.0,0.0,1126.9,6.3,34.5,230.6,0.0,0.0,0.0,0.0,172.4
53,"Ingram, Mark",NOR,RB,0.0,0.0,900.0,6.3,44.8,330.0,1.9,0.0,0.0,0.0,170.9
54,"Bryant, Dez",DAL,WR,0.0,0.0,0.0,0.0,69.9,1058.5,11.0,0.0,0.0,0.0,169.9
55,"Hilton, T.Y.",IND,WR,0.0,0.0,0.0,0.0,83.7,1350.2,5.3,0.0,0.0,0.0,168.6
56,"Mixon, Joe",CIN,RB,0.0,0.0,808.3,8.7,37.3,346.2,0.4,0.0,0.0,0.0,168.4
57,"Green, A.J.",CIN,WR,0.0,0.0,6.8,0.0,86.8,1237.9,7.4,0.0,0.0,0.0,168.0
58,"Gore, Frank",IND,RB,0.0,0.0,1009.4,4.1,36.1,283.5,2.8,0.0,0.0,0.0,166.4
59,"Blount, LeGarrette",PHI,RB,0.0,0.0,791.2,12.0,15.7,126.2,0.9,0.0,0.0,0.0,166.4
60,"McCaffrey, Christian",CAR,RB,0.0,0.0,869.9,7.8,36.5,292.2,1.1,0.0,0.0,0.0,166.0
61,"Cook, Dalvin",MIN,RB,0.0,0.0,819.9,7.1,44.7,313.4,2.0,0.0,0.0,0.0,165.6
62,"Lacy, Eddie",SEA,RB,0.0,0.0,1044.8,5.5,36.2,257.1,0.5,0.0,0.0,0.0,165.2
63,"Montgomery, Ty",GBP,RB,0.0,0.0,822.2,4.9,38.6,304.1,4.4,0.0,0.0,0.0,165.2
64,"Crowell, Isaiah",CLE,RB,0.0,0.0,972.1,6.0,38.8,309.3,0.5,0.0,0.0,0.0,164.0
65,"Gillislee, Mike",NEP,RB,0.0,0.0,871.4,9.8,14.9,130.1,0.9,0.0,0.0,0.0,163.9
66,"Baldwin, Doug",SEA,WR,0.0,0.0,7.7,0.0,85.0,1048.2,9.3,0.0,0.0,0.0,161.5
67,"Robinson, Allen",JAC,WR,0.0,0.0,0.0,0.0,74.6,1092.0,8.3,0.0,0.0,0.0,160.0
68,"Tucker, Justin",BAL,K,0.0,0.0,0.0,0.0,0.0,0.0,0.0,35.1,0.0,0.0,155.7
69,"Cooks, Brandin",NEP,WR,0.0,0.0,20.1,0.0,88.0,1149.8,6.6,0.0,0.0,0.0,155.7
70,"Hopkins, DeAndre",HOU,WR,0.0,0.0,0.0,0.0,90.4,1192.4,5.6,0.0,0.0,0.0,153.1
71,"Abdullah, Ameer",DET,RB,0.0,0.0,749.8,4.2,51.6,421.0,2.1,0.0,0.0,0.0,151.6
72,"Cooper, Amari",OAK,WR,0.0,0.0,-1.3,0.0,80.0,1177.0,5.5,0.0,0.0,0.0,151.3
73,"Adams, Davante",GBP,WR,0.0,0.0,6.3,0.0,67.1,899.5,9.7,0.0,0.0,0.0,149.9
74,"Watkins, Sammy",BUF,WR,0.0,0.0,2.1,0.0,67.4,1058.2,7.0,0.0,0.0,0.0,148.1
75,"Gostkowski, Stephen",NEP,K,0.0,0.0,0.0,0.0,0.0,0.0,0.0,30.7,0.0,0.0,147.3
76,"Powell, Bilal",NYJ,RB,0.0,0.0,730.2,3.4,52.6,387.2,2.5,0.0,0.0,0.0,145.7
77,"Peterson, Adrian",NOR,RB,0.0,0.0,400.0,1.0,56.7,511.0,8.0,0.0,0.0,0.0,145.4
78,"Allen, Keenan",LAC,WR,0.0,0.0,-0.2,0.0,74.9,1013.0,7.3,0.0,0.0,0.0,145.2
79,"Forte, Matt",NYJ,RB,0.0,0.0,792.9,4.8,39.2,305.2,1.3,0.0,0.0,0.0,144.4
80,"Bryant, Matt",ATL,K,0.0,0.0,0.0,0.0,0.0,0.0,0.0,26.5,0.0,0.0,144.4
81,"Reed, Jordan",WAS,TE,0.0,0.0,0.0,0.0,87.7,973.6,8.3,0.0,0.0,0.0,143.7
82,"Crowder, Jamison",WAS,WR,0.0,0.0,-4.9,0.0,74.0,1022.8,7.0,0.0,0.0,0.0,143.5
83,"Cardinals, Arizona",ARZ,D,0.0,0.0,0.0,0.0,0.0,0.0,0.0,0.0,410.0,0.0,143.3
84,"Perkins, Paul",NYG,RB,0.0,0.0,884.9,1.9,47.7,367.1,1.2,0.0,0.0,0.0,142.9
85,"Stewart, Jonathan",CAR,RB,0.0,0.0,894.5,8.3,11.3,53.3,0.0,0.0,0.0,0.0,141.9
86,"Tate, Golden",DET,WR,0.0,0.0,16.7,0.0,91.0,1034.2,6.1,0.0,0.0,0.0,141.5
87,"Jeffery, Alshon",PHI,WR,0.0,0.0,4.6,0.0,81.4,1159.0,4.2,0.0,0.0,0.0,141.3
88,"Benjamin, Kelvin",CAR,WR,0.0,0.0,9.7,0.0,62.2,947.3,7.7,0.0,0.0,0.0,139.7
89,"Alexander, Kwon",TBB,LB,0.0,0.0,0.0,0.0,0.0,0.0,0.0,0.0,0.0,103.0,139.2
90,"Moncrief, Donte",IND,WR,0.0,0.0,1.8,0.0,68.3,784.7,10.0,0.0,0.0,0.0,138.4
91,"Prater, Matt",DET,K,0.0,0.0,0.0,0.0,0.0,0.0,0.0,29.0,0.0,0.0,138.0
92,"West, Terrance",BAL,RB,0.0,0.0,734.0,4.5,43.6,290.9,1.5,0.0,0.0,0.0,137.9
93,"Ware, Spencer",KCC,RB,0.0,0.0,760.1,3.9,25.9,273.5,2.5,0.0,0.0,0.0,137.6
94,"Edelman, Julian",NEP,WR,0.0,0.0,43.2,0.0,91.8,1120.0,3.8,0.0,0.0,0.0,137.2
95,"Maclin, Jeremy",BAL,WR,0.0,0.0,2.8,0.0,73.8,985.0,6.0,0.0,0.0,0.0,136.7
96,"Crabtree, Michael",OAK,WR,0.0,0.0,0.0,0.0,83.5,936.4,7.0,0.0,0.0,0.0,136.6
97,"Gronkowski, Rob",NEP,TE,0.0,0.0,0.0,0.0,58.7,905.2,7.7,0.0,0.0,0.0,136.6
98,"Decker, Eric",TEN,WR,0.0,0.0,5.0,0.0,56.2,900.4,8.0,0.0,0.0,0.0,136.6
99,"Landry, Jarvis",MIA,WR,0.0,0.0,44.4,0.4,95.0,1077.9,3.7,0.0,0.0,0.0,136.5
100,"Pryor, Terrelle",WAS,WR,0.0,0.0,2.2,0.0,71.7,1061.1,4.7,0.0,0.0,0.0,135.4
101,"Collins, Landon",NYG,DB,0.0,0.0,0.0,0.0,0.0,0.0,0.0,0.0,0.0,97.0,134.4
102,"Marshall, Brandon",NYG,WR,0.0,0.0,10.3,0.0,77.1,905.0,7.1,0.0,0.0,0.0,133.9
103,"Vinatieri, Adam",IND,K,0.0,0.0,0.0,0.0,0.0,0.0,0.0,26.3,0.0,0.0,133.8
104,"Bailey, Dan",DAL,K,0.0,0.0,0.0,0.0,0.0,0.0,0.0,27.7,0.0,0.0,133.7
105,"Martin, Doug",TBB,RB,0.0,0.0,892.7,4.6,24.4,207.3,0.1,0.0,0.0,0.0,133.3
106,"Fitzgerald, Larry",ARZ,WR,0.0,0.0,2.6,0.0,106.8,1050.7,5.0,0.0,0.0,0.0,132.4
107,"Ogletree, Alec",LAR,LB,0.0,0.0,0.0,0.0,0.0,0.0,0.0,0.0,0.0,94.3,131.9
108,"Murray, Latavius",MIN,RB,0.0,0.0,600.0,6.7,36.7,266.1,1.0,0.0,0.0,0.0,131.3
109,"McManus, Brandon",DEN,K,0.0,0.0,0.0,0.0,0.0,0.0,0.0,30.6,0.0,0.0,131.0
110,"Broncos, Denver",DEN,D,0.0,0.0,0.0,0.0,0.0,0.0,0.0,0.0,222.0,0.0,130.7
111,"Sturgis, Caleb",PHI,K,0.0,0.0,0.0,0.0,0.0,0.0,0.0,29.6,0.0,0.0,130.6
112,"Sanders, Emmanuel",DEN,WR,0.0,0.0,9.2,0.0,72.6,1036.7,4.3,0.0,0.0,0.0,129.7
113,"Wagner, Bobby",SEA,LB,0.0,0.0,0.0,0.0,0.0,0.0,0.0,0.0,0.0,83.0,129.4
114,"Hill, Tyreek",KCC,WR,0.0,0.0,173.9,1.8,67.9,725.1,5.1,0.0,0.0,0.0,129.1
115,"Kuechly, Luke",CAR,LB,0.0,0.0,0.0,0.0,0.0,0.0,0.0,0.0,0.0,85.0,128.9
116,"Kelley, Rob",WAS,RB,0.0,0.0,739.5,5.2,26.2,211.0,0.4,0.0,0.0,0.0,128.3
117,"Smith, Telvin",JAC,LB,0.0,0.0,0.0,0.0,0.0,0.0,0.0,0.0,0.0,101.5,127.9
118,"Patriots, New England",NEP,D,0.0,0.0,0.0,0.0,0.0,0.0,0.0,0.0,254.1,0.0,127.5
119,"Texans, Houston",HOU,D,0.0,0.0,0.0,0.0,0.0,0.0,0.0,0.0,297.4,0.0,127.4
120,"Lee, Sean",DAL,LB,0.0,0.0,0.0,0.0,0.0,0.0,0.0,0.0,0.0,97.8,127.3
121,"Matthews, Rishard",TEN,WR,0.0,0.0,0.0,0.0,55.5,799.9,8.1,0.0,0.0,0.0,127.0
122,"Brown, Zach",WAS,LB,0.0,0.0,0.0,0.0,0.0,0.0,0.0,0.0,0.0,94.0,126.7
123,"Lutz, Wil",NOR,K,0.0,0.0,0.0,0.0,0.0,0.0,0.0,24.9,0.0,0.0,126.6
124,"Garcon, Pierre",SFO,WR,0.0,0.0,0.0,0.0,77.4,973.9,4.9,0.0,0.0,0.0,125.8
125,"Thomas, Demaryius",DEN,WR,0.0,0.0,0.0,0.0,84.9,1007.6,4.4,0.0,0.0,0.0,125.7
126,"Williams, Tyrell",LAC,WR,0.0,0.0,0.0,0.0,60.2,899.6,6.0,0.0,0.0,0.0,125.7
127,"Kelce, Travis",KCC,TE,0.0,0.0,-3.1,0.0,83.0,1065.0,3.2,0.0,0.0,0.0,125.5
128,"Novak, Nick",HOU,K,0.0,0.0,0.0,0.0,0.0,0.0,0.0,30.0,0.0,0.0,125.2
129,"Hopkins, Dustin",WAS,K,0.0,0.0,0.0,0.0,0.0,0.0,0.0,28.0,0.0,0.0,125.2
130,"Walsh, Blair",SEA,K,0.0,0.0,0.0,0.0,0.0,0.0,0.0,28.3,0.0,0.0,124.5
131,"Snead, Willie",NOR,WR,0.0,0.0,0.0,0.0,78.8,1022.2,3.7,0.0,0.0,0.0,124.4
132,"Panthers, Carolina",CAR,D,0.0,0.0,0.0,0.0,0.0,0.0,0.0,0.0,365.0,0.0,124.3
133,"Janikowski, Sebastian",OAK,K,0.0,0.0,0.0,0.0,0.0,0.0,0.0,25.5,0.0,0.0,122.8
134,"Crosby, Mason",GBP,K,0.0,0.0,0.0,0.0,0.0,0.0,0.0,23.4,0.0,0.0,121.8
135,"Boswell, Chris",PIT,K,0.0,0.0,0.0,0.0,0.0,0.0,0.0,28.2,0.0,0.0,121.8
136,"Bernard, Giovani",CIN,RB,0.0,0.0,649.9,2.4,49.0,442.1,0.2,0.0,0.0,0.0,121.7
137,"Olsen, Greg",CAR,TE,0.0,0.0,0.0,0.0,73.4,983.0,3.8,0.0,0.0,0.0,121.0
138,"Woodhead, Danny",BAL,RB,0.0,0.0,716.9,1.8,52.4,386.9,0.0,0.0,0.0,0.0,121.0
139,"Hill, Jeremy",CIN,RB,0.0,0.0,622.2,7.4,19.2,158.0,0.0,0.0,0.0,0.0,120.8
140,"Cobb, Randall",GBP,WR,0.0,0.0,37.1,0.4,66.4,783.0,6.1,0.0,0.0,0.0,120.7
141,"Enunwa, Quincy",NYJ,WR,0.0,0.0,15.7,0.0,55.4,899.6,4.8,0.0,0.0,0.0,120.6
142,"Santos, Cairo",KCC,K,0.0,0.0,0.0,0.0,0.0,0.0,0.0,26.8,0.0,0.0,120.3
143,"Collins, Jamie",CLE,LB,0.0,0.0,0.0,0.0,0.0,0.0,0.0,0.0,0.0,91.0,120.1
144,"Eifert, Tyler",CIN,TE,0.0,0.0,0.0,0.0,52.2,623.0,9.6,0.0,0.0,0.0,120.1
145,"Jackson, DeSean",TBB,WR,0.0,0.0,5.9,0.0,60.9,958.2,3.7,0.0,0.0,0.0,119.9
146,"Myers, Jason",JAC,K,0.0,0.0,0.0,0.0,0.0,0.0,0.0,25.9,0.0,0.0,119.9
147,"Meredith, Cameron",CHI,WR,0.0,0.0,3.6,0.0,61.3,890.6,5.4,0.0,0.0,0.0,119.8
148,"Freeman, Jerrell",CHI,LB,0.0,0.0,0.0,0.0,0.0,0.0,0.0,0.0,0.0,95.9,119.7
149,"Davis, Jarrad",DET,LB,0.0,0.0,0.0,0.0,0.0,0.0,0.0,0.0,0.0,94.5,119.7
150,"Shazier, Ryan",PIT,LB,0.0,0.0,0.0,0.0,0.0,0.0,0.0,0.0,0.0,74.6,119.5
151,"Goff, Jared",LAR,QB,2616.4,10.4,38.7,1.2,0.0,0.0,0.0,0.0,0.0,0.0,119.4
152,"Mosley, C.J.",BAL,LB,0.0,0.0,0.0,0.0,0.0,0.0,0.0,0.0,0.0,77.0,118.5
153,"Forbath, Kai",MIN,K,0.0,0.0,0.0,0.0,0.0,0.0,0.0,26.5,0.0,0.0,118.4
154,"Henry, Derrick",TEN,RB,0.0,0.0,634.8,6.5,18.5,165.3,0.0,0.0,0.0,0.0,118.4
155,"Johnson, Duke",CLE,RB,0.0,0.0,448.8,0.6,68.9,655.6,0.8,0.0,0.0,0.0,117.9
156,"Jones, Deion",ATL,LB,0.0,0.0,0.0,0.0,0.0,0.0,0.0,0.0,0.0,78.6,117.8
157,"Brown, Jatavis",LAC,LB,0.0,0.0,0.0,0.0,0.0,0.0,0.0,0.0,0.0,92.0,117.5
158,"Sanu, Mohamed",ATL,WR,0.0,0.0,21.8,0.3,70.2,780.0,5.8,0.0,0.0,0.0,117.4
159,"Gabriel, Taylor",ATL,WR,0.0,0.0,30.5,0.8,48.1,755.8,5.6,0.0,0.0,0.0,117.1
160,"Neal, Keanu",ATL,DB,0.0,0.0,0.0,0.0,0.0,0.0,0.0,0.0,0.0,86.5,116.5
161,"Graham, Jimmy",SEA,TE,0.0,0.0,0.0,0.0,65.3,901.7,4.8,0.0,0.0,0.0,116.4
162,"Burfict, Vontaze",CIN,LB,0.0,0.0,0.0,0.0,0.0,0.0,0.0,0.0,0.0,82.6,116.4
163,"Chiefs, Kansas City",KCC,D,0.0,0.0,0.0,0.0,0.0,0.0,0.0,0.0,244.0,0.0,116.1
164,"Stills, Kenny",MIA,WR,0.0,0.0,2.3,0.0,42.2,700.3,7.5,0.0,0.0,0.0,115.4
165,"David, Lavonte",TBB,LB,0.0,0.0,0.0,0.0,0.0,0.0,0.0,0.0,0.0,79.8,115.1
166,"Vikings, Minnesota",MIN,D,0.0,0.0,0.0,0.0,0.0,0.0,0.0,0.0,317.0,0.0,114.2
167,"Howard, O.J.",TBB,TE,0.0,0.0,0.0,0.0,52.1,643.9,8.3,0.0,0.0,0.0,114.1
168,"Walker, Delanie",TEN,TE,0.0,0.0,10.5,0.0,68.3,800.1,5.5,0.0,0.0,0.0,114.0
169,"Rudolph, Kyle",MIN,TE,0.0,0.0,0.0,0.0,73.9,749.8,6.4,0.0,0.0,0.0,113.2
170,"Bowman, Navorro",SFO,LB,0.0,0.0,0.0,0.0,0.0,0.0,0.0,0.0,0.0,89.0,112.3
171,"Giants, New York",NYG,D,0.0,0.0,0.0,0.0,0.0,0.0,0.0,0.0,324.0,0.0,112.2
172,"Henry, Hunter",LAC,TE,0.0,0.0,0.0,0.0,47.1,565.3,9.5,0.0,0.0,0.0,111.9
173,"Coleman, Tevin",ATL,RB,0.0,0.0,538.0,4.4,13.5,105.7,3.9,0.0,0.0,0.0,111.7
174,"Parker, DeVante",MIA,WR,0.0,0.0,0.0,0.0,54.8,833.1,4.7,0.0,0.0,0.0,111.6
175,"Zenner, Zach",DET,RB,0.0,0.0,521.8,4.5,30.9,324.7,0.3,0.0,0.0,0.0,111.2
176,"Diggs, Stefon",MIN,WR,0.0,0.0,14.8,0.0,78.8,845.7,4.2,0.0,0.0,0.0,111.0
177,"Wallace, Mike",BAL,WR,0.0,0.0,21.6,0.0,66.6,900.3,2.9,0.0,0.0,0.0,111.0
178,"Kendricks, Eric",MIN,LB,0.0,0.0,0.0,0.0,0.0,0.0,0.0,0.0,0.0,78.9,110.5
179,"Kirksey, Christian",CLE,LB,0.0,0.0,0.0,0.0,0.0,0.0,0.0,0.0,0.0,84.0,110.4
180,"Hicks, Jordan",PHI,LB,0.0,0.0,0.0,0.0,0.0,0.0,0.0,0.0,0.0,72.0,110.3
181,"Cravens, Su'a",WAS,DB,0.0,0.0,0.0,0.0,0.0,0.0,0.0,0.0,0.0,77.0,110.3
182,"Hauschka, Steven",BUF,K,0.0,0.0,0.0,0.0,0.0,0.0,0.0,25.7,0.0,0.0,110.2
183,"Gano, Graham",CAR,K,0.0,0.0,0.0,0.0,0.0,0.0,0.0,23.5,0.0,0.0,110.0
184,"Lambo, Josh",LAC,K,0.0,0.0,0.0,0.0,0.0,0.0,0.0,23.9,0.0,0.0,110.0
185,"Catanzaro, Chandler",NYJ,K,0.0,0.0,0.0,0.0,0.0,0.0,0.0,24.2,0.0,0.0,109.9
186,"Alonso, Kiko",MIA,LB,0.0,0.0,0.0,0.0,0.0,0.0,0.0,0.0,0.0,75.0,109.9
187,"Nelson, J.J.",ARZ,WR,0.0,0.0,31.5,1.2,41.2,659.7,5.6,0.0,0.0,0.0,109.7
188,"McKinney, Benardrick",HOU,LB,0.0,0.0,0.0,0.0,0.0,0.0,0.0,0.0,0.0,75.0,109.3
189,"Sims, Charles",TBB,RB,0.0,0.0,496.4,1.1,45.0,423.4,2.4,0.0,0.0,0.0,109.2
190,"Hunt, Kareem",KCC,RB,0.0,0.0,450.0,5.0,28.0,215.0,2.1,0.0,0.0,0.0,109.1
191,"Jack, Myles",JAC,LB,0.0,0.0,0.0,0.0,0.0,0.0,0.0,0.0,0.0,84.0,108.9
192,"Steelers, Pittsburgh",PIT,D,0.0,0.0,0.0,0.0,0.0,0.0,0.0,0.0,357.1,0.0,108.7
193,"Austin, Tavon",LAR,WR,0.0,0.0,196.6,2.3,56.7,554.9,3.5,0.0,0.0,0.0,108.6
194,"Mack, Khalil",OAK,LB,0.0,0.0,0.0,0.0,0.0,0.0,0.0,0.0,0.0,83.0,108.1
195,"LaFell, Brandon",CIN,WR,0.0,0.0,9.3,0.2,62.8,832.1,3.9,0.0,0.0,0.0,108.0
196,"Eagles, Philadelphia",PHI,D,0.0,0.0,0.0,0.0,0.0,0.0,0.0,0.0,325.1,0.0,107.5
197,"Yeldon, T.J.",JAC,RB,0.0,0.0,555.0,2.6,45.4,323.0,1.0,0.0,0.0,0.0,107.0
198,"Rawls, Thomas",SEA,RB,0.0,0.0,645.9,3.9,25.6,177.8,0.3,0.0,0.0,0.0,106.8
199,"Falcons, Atlanta",ATL,D,0.0,0.0,0.0,0.0,0.0,0.0,0.0,0.0,404.9,0.0,106.7
200,"Burnett, Morgan",GBP,DB,0.0,0.0,0.0,0.0,0.0,0.0,0.0,0.0,0.0,74.0,106.7
201,"Jones, Marvin",DET,WR,0.0,0.0,-0.5,0.0,65.8,955.1,1.8,0.0,0.0,0.0,106.6
202,"Lee, Marqise",JAC,WR,0.0,0.0,31.1,0.0,64.6,850.9,3.1,0.0,0.0,0.0,106.5
203,"Johnson, Derrick",KCC,LB,0.0,0.0,0.0,0.0,0.0,0.0,0.0,0.0,0.0,84.0,106.4
204,"Anderson, Robby",NYJ,WR,0.0,0.0,17.6,0.0,59.2,813.0,3.9,0.0,0.0,0.0,106.4
205,"Barron, Mark",LAR,LB,0.0,0.0,0.0,0.0,0.0,0.0,0.0,0.0,0.0,81.0,106.3
206,"Goodson, B.J.",NYG,LB,0.0,0.0,0.0,0.0,0.0,0.0,0.0,0.0,0.0,79.1,106.1
207,"Ragland, Reggie",BUF,LB,0.0,0.0,0.0,0.0,0.0,0.0,0.0,0.0,0.0,71.8,105.7
208,"Doyle, Jack",IND,TE,0.0,0.0,0.0,0.0,65.1,667.2,6.4,0.0,0.0,0.0,105.6
209,"Williams, Vince",PIT,LB,0.0,0.0,0.0,0.0,0.0,0.0,0.0,0.0,0.0,73.0,105.6
210,"Adams, Jamal",NYJ,DB,0.0,0.0,0.0,0.0,0.0,0.0,0.0,0.0,0.0,70.8,105.3
211,"Timmons, Lawrence",MIA,LB,0.0,0.0,0.0,0.0,0.0,0.0,0.0,0.0,0.0,74.4,105.1
212,"Davis, Thomas",CAR,LB,0.0,0.0,0.0,0.0,0.0,0.0,0.0,0.0,0.0,71.0,104.2
213,"Jaguars, Jacksonville",JAC,D,0.0,0.0,0.0,0.0,0.0,0.0,0.0,0.0,334.0,0.0,104.0
214,"Buccaneers, Tampa Bay",TBB,D,0.0,0.0,0.0,0.0,0.0,0.0,0.0,0.0,333.9,0.0,103.9
215,"Davis, Corey",TEN,WR,0.0,0.0,1.2,0.0,55.7,699.9,5.3,0.0,0.0,0.0,103.2
216,"Cyprien, Johnathan",TEN,DB,0.0,0.0,0.0,0.0,0.0,0.0,0.0,0.0,0.0,77.0,102.9
217,"Williamson, Avery",TEN,LB,0.0,0.0,0.0,0.0,0.0,0.0,0.0,0.0,0.0,77.0,102.8
218,"Foster, Mason",WAS,LB,0.0,0.0,0.0,0.0,0.0,0.0,0.0,0.0,0.0,79.0,102.5
219,"Matthews, Jordan",PHI,WR,0.0,0.0,1.4,0.0,74.1,808.2,3.6,0.0,0.0,0.0,102.5
220,"Vaccaro, Kenny",NOR,DB,0.0,0.0,0.0,0.0,0.0,0.0,0.0,0.0,0.0,74.0,102.2
221,"Brown, Preston",BUF,LB,0.0,0.0,0.0,0.0,0.0,0.0,0.0,0.0,0.0,71.0,102.2
222,"Church, Barry",JAC,DB,0.0,0.0,0.0,0.0,0.0,0.0,0.0,0.0,0.0,75.0,102.2
223,"Ertz, Zach",PHI,TE,0.0,0.0,0.0,0.0,76.0,825.6,3.4,0.0,0.0,0.0,102.0
224,"Thompson, Chris",WAS,RB,0.0,0.0,357.0,3.0,49.5,343.5,2.5,0.0,0.0,0.0,101.3
225,"Miller, Von",DEN,LB,0.0,0.0,0.0,0.0,0.0,0.0,0.0,0.0,0.0,68.7,101.2
226,"Elliott, Jake",CIN,K,0.0,0.0,0.0,0.0,0.0,0.0,0.0,21.7,0.0,0.0,100.2
227,"Rosas, Aldrick",NYG,K,0.0,0.0,0.0,0.0,0.0,0.0,0.0,20.0,0.0,0.0,100.2
228,"Joseph, Karl",OAK,DB,0.0,0.0,0.0,0.0,0.0,0.0,0.0,0.0,0.0,71.6,100.1
229,"Folk, Nick",TBB,K,0.0,0.0,0.0,0.0,0.0,0.0,0.0,24.8,0.0,0.0,100.1
230,"Lee, Darron",NYJ,LB,0.0,0.0,0.0,0.0,0.0,0.0,0.0,0.0,0.0,75.0,100.1
231,"Booker, Devontae",DEN,RB,0.0,0.0,588.2,3.5,29.7,221.7,0.4,0.0,0.0,0.0,100.1
232,"Trevathan, Danny",CHI,LB,0.0,0.0,0.0,0.0,0.0,0.0,0.0,0.0,0.0,79.1,99.7
233,"Chargers, San Diego",LAC,D,0.0,0.0,0.0,0.0,0.0,0.0,0.0,0.0,440.9,0.0,99.5
234,"Prosise, C.J.",SEA,RB,0.0,0.0,349.9,1.4,43.9,529.2,0.6,0.0,0.0,0.0,99.3
235,"Sproles, Darren",PHI,RB,0.0,0.0,364.2,2.8,47.6,363.8,1.7,0.0,0.0,0.0,98.8
236,"Brown, John",ARZ,WR,0.0,0.0,11.2,0.0,46.0,631.9,5.7,0.0,0.0,0.0,98.7
237,"Bennett, Martellus",GBP,TE,0.0,0.0,5.7,0.0,54.1,681.9,5.1,0.0,0.0,0.0,98.5
238,"Williams, Jonathan",BUF,RB,0.0,0.0,504.1,6.5,9.9,62.6,0.7,0.0,0.0,0.0,98.4
239,"Wright, K.J.",SEA,LB,0.0,0.0,0.0,0.0,0.0,0.0,0.0,0.0,0.0,65.0,97.8
240,"Bethea, Antoine",ARZ,DB,0.0,0.0,0.0,0.0,0.0,0.0,0.0,0.0,0.0,78.0,97.7
241,"Succop, Ryan",TEN,K,0.0,0.0,0.0,0.0,0.0,0.0,0.0,18.4,0.0,0.0,97.7
242,"Bucannon, Deone",ARZ,LB,0.0,0.0,0.0,0.0,0.0,0.0,0.0,0.0,0.0,76.0,97.6
243,"Jackson, Edwin",IND,LB,0.0,0.0,0.0,0.0,0.0,0.0,0.0,0.0,0.0,74.0,97.3
244,"Dansby, Karlos",ARZ,LB,0.0,0.0,0.0,0.0,0.0,0.0,0.0,0.0,0.0,66.0,97.1
245,"Smith, Harrison",MIN,DB,0.0,0.0,0.0,0.0,0.0,0.0,0.0,0.0,0.0,77.0,96.7
246,"Weddle, Eric",BAL,DB,0.0,0.0,0.0,0.0,0.0,0.0,0.0,0.0,0.0,55.0,96.6
247,"Dawson, Phil",ARZ,K,0.0,0.0,0.0,0.0,0.0,0.0,0.0,18.2,0.0,0.0,96.5
248,"Martinez, Blake",GBP,LB,0.0,0.0,0.0,0.0,0.0,0.0,0.0,0.0,0.0,73.0,96.3
249,"Raiders, Oakland",OAK,D,0.0,0.0,0.0,0.0,0.0,0.0,0.0,0.0,377.4,0.0,96.2
250,"Bengals, Cincinnati",CIN,D,0.0,0.0,0.0,0.0,0.0,0.0,0.0,0.0,234.5,0.0,95.6
251,"Davis, Sean",PIT,DB,0.0,0.0,0.0,0.0,0.0,0.0,0.0,0.0,0.0,67.0,95.5
252,"Ravens, Baltimore",BAL,D,0.0,0.0,0.0,0.0,0.0,0.0,0.0,0.0,307.2,0.0,95.4
253,"Cowboys, Dallas",DAL,D,0.0,0.0,0.0,0.0,0.0,0.0,0.0,0.0,356.2,0.0,94.6
254,"Jefferson, Tony",BAL,DB,0.0,0.0,0.0,0.0,0.0,0.0,0.0,0.0,0.0,70.0,93.9
255,"Clinton-Dix, Hasean",GBP,DB,0.0,0.0,0.0,0.0,0.0,0.0,0.0,0.0,0.0,67.5,93.9
256,"Hightower, Tim",SFO,RB,0.0,0.0,428.3,4.7,20.6,179.4,1.0,0.0,0.0,0.0,93.5
257,"Hyde, Micah",BUF,DB,0.0,0.0,0.0,0.0,0.0,0.0,0.0,0.0,0.0,63.0,93.2
258,"Coleman, Kurt",CAR,DB,0.0,0.0,0.0,0.0,0.0,0.0,0.0,0.0,0.0,59.0,92.9
259,"Bradham, Nigel",PHI,LB,0.0,0.0,0.0,0.0,0.0,0.0,0.0,0.0,0.0,66.0,92.7
260,"Shepard, Sterling",NYG,WR,0.0,0.0,5.7,0.0,54.5,607.9,5.3,0.0,0.0,0.0,92.5
261,"Mathieu, Tyrann",ARZ,DB,0.0,0.0,0.0,0.0,0.0,0.0,0.0,0.0,0.0,73.0,92.3
262,"Marshall, Brandon",DEN,LB,0.0,0.0,0.0,0.0,0.0,0.0,0.0,0.0,0.0,69.0,92.2
263,"Whitehead, Tahir",DET,LB,0.0,0.0,0.0,0.0,0.0,0.0,0.0,0.0,0.0,72.0,91.7
264,"Jenkins, Malcolm",PHI,DB,0.0,0.0,0.0,0.0,0.0,0.0,0.0,0.0,0.0,62.0,91.4
265,"Reid, Eric",SFO,DB,0.0,0.0,0.0,0.0,0.0,0.0,0.0,0.0,0.0,72.0,90.9
266,"Charles, Jamaal",DEN,RB,0.0,0.0,550.1,4.4,13.9,96.3,0.0,0.0,0.0,0.0,90.8
267,"Posluszny, Paul",JAC,LB,0.0,0.0,0.0,0.0,0.0,0.0,0.0,0.0,0.0,73.3,90.7
268,"Gould, Robbie",SFO,K,0.0,0.0,0.0,0.0,0.0,0.0,0.0,17.9,0.0,0.0,90.6
269,"Ginn Jr., Ted",NOR,WR,0.0,0.0,57.2,0.0,60.0,696.6,2.8,0.0,0.0,0.0,90.1
270,"McLeod, Rodney",PHI,DB,0.0,0.0,0.0,0.0,0.0,0.0,0.0,0.0,0.0,69.0,89.9
271,"Spence, Sean",IND,LB,0.0,0.0,0.0,0.0,0.0,0.0,0.0,0.0,0.0,65.0,89.9
272,"Williams, Terrance",DAL,WR,0.0,0.0,0.0,0.0,46.2,673.4,3.9,0.0,0.0,0.0,89.8
273,"Ward, T.J.",DEN,DB,0.0,0.0,0.0,0.0,0.0,0.0,0.0,0.0,0.0,66.0,89.8
274,"Killebrew, Miles",DET,DB,0.0,0.0,0.0,0.0,0.0,0.0,0.0,0.0,0.0,70.0,89.8
275,"Miller, Zach",CHI,TE,0.0,0.0,0.0,0.0,53.0,600.2,4.9,0.0,0.0,0.0,89.4
276,"Robertson, Craig",NOR,LB,0.0,0.0,0.0,0.0,0.0,0.0,0.0,0.0,0.0,62.6,89.3
277,"Perryman, Denzel",LAC,LB,0.0,0.0,0.0,0.0,0.0,0.0,0.0,0.0,0.0,72.0,89.2
278,"Addae, Jahleel",LAC,DB,0.0,0.0,0.0,0.0,0.0,0.0,0.0,0.0,0.0,69.0,89.1
279,"White, James",NEP,RB,0.0,0.0,166.0,0.7,41.7,423.8,4.3,0.0,0.0,0.0,89.1
280,"Gonzalez, Zane",CLE,K,0.0,0.0,0.0,0.0,0.0,0.0,0.0,21.8,0.0,0.0,89.1
281,"Ryan, Logan",TEN,DB,0.0,0.0,0.0,0.0,0.0,0.0,0.0,0.0,0.0,64.0,89.0
282,"Titans, Tennessee",TEN,D,0.0,0.0,0.0,0.0,0.0,0.0,0.0,0.0,365.1,0.0,89.0
283,"Correa, Kamalei",BAL,LB,0.0,0.0,0.0,0.0,0.0,0.0,0.0,0.0,0.0,55.0,88.4
284,"Evans, Justin",TBB,DB,0.0,0.0,0.0,0.0,0.0,0.0,0.0,0.0,0.0,61.0,88.4
285,"Jones, Byron",DAL,DB,0.0,0.0,0.0,0.0,0.0,0.0,0.0,0.0,0.0,67.0,88.2
286,"Chancellor, Kam",SEA,DB,0.0,0.0,0.0,0.0,0.0,0.0,0.0,0.0,0.0,58.0,88.2
287,"Jones, Matt",WAS,RB,0.0,0.0,612.1,2.8,14.2,123.0,0.0,0.0,0.0,0.0,88.1
288,"Hogan, Chris",NEP,WR,0.0,0.0,5.1,0.0,44.3,679.3,3.5,0.0,0.0,0.0,88.0
289,"Breeland, Bashaud",WAS,DB,0.0,0.0,0.0,0.0,0.0,0.0,0.0,0.0,0.0,63.0,87.8
290,"Peters, Marcus",KCC,DB,0.0,0.0,0.0,0.0,0.0,0.0,0.0,0.0,0.0,52.0,87.5
291,"Minter, Kevin",CIN,LB,0.0,0.0,0.0,0.0,0.0,0.0,0.0,0.0,0.0,63.0,87.4
292,"Barth, Connor",CHI,K,0.0,0.0,0.0,0.0,0.0,0.0,0.0,18.7,0.0,0.0,87.2
293,"Johnson, Trumaine",LAR,DB,0.0,0.0,0.0,0.0,0.0,0.0,0.0,0.0,0.0,61.9,87.2
294,"Melifonwu, Obi",OAK,DB,0.0,0.0,0.0,0.0,0.0,0.0,0.0,0.0,0.0,62.2,87.1
295,"Smith, Malcolm",SFO,LB,0.0,0.0,0.0,0.0,0.0,0.0,0.0,0.0,0.0,70.4,87.1
296,"Seahawks, Seattle",SEA,D,0.0,0.0,0.0,0.0,0.0,0.0,0.0,0.0,275.0,0.0,87.0
297,"Njoku, David",CLE,TE,0.0,0.0,0.0,0.0,50.4,600.2,4.4,0.0,0.0,0.0,87.0
298,"Williams, Shawn",CIN,DB,0.0,0.0,0.0,0.0,0.0,0.0,0.0,0.0,0.0,62.0,86.9
299,"Packers, Green Bay",GBP,D,0.0,0.0,0.0,0.0,0.0,0.0,0.0,0.0,370.9,0.0,86.9
300,"Alford, Robert",ATL,DB,0.0,0.0,0.0,0.0,0.0,0.0,0.0,0.0,0.0,55.8,86.8
301,"Ramsey, Jalen",JAC,DB,0.0,0.0,0.0,0.0,0.0,0.0,0.0,0.0,0.0,63.0,86.7
302,"Coleman, Corey",CLE,WR,0.0,0.0,13.8,0.0,50.9,568.8,4.9,0.0,0.0,0.0,86.7
303,"Adams, Mike",CAR,DB,0.0,0.0,0.0,0.0,0.0,0.0,0.0,0.0,0.0,66.0,86.4
304,"Maye, Marcus",NYJ,DB,0.0,0.0,0.0,0.0,0.0,0.0,0.0,0.0,0.0,63.0,86.4
305,"Parker, Ron",KCC,DB,0.0,0.0,0.0,0.0,0.0,0.0,0.0,0.0,0.0,59.0,86.3
306,"Demps, Quintin",CHI,DB,0.0,0.0,0.0,0.0,0.0,0.0,0.0,0.0,0.0,57.0,86.3
307,"Bradberry, James",CAR,DB,0.0,0.0,0.0,0.0,0.0,0.0,0.0,0.0,0.0,60.0,86.3
308,"Colts, Indianapolis",IND,D,0.0,0.0,0.0,0.0,0.0,0.0,0.0,0.0,328.9,0.0,86.2
309,"Campbell, De'Vondre",ATL,LB,0.0,0.0,0.0,0.0,0.0,0.0,0.0,0.0,0.0,62.0,86.1
310,"Hargreaves, Vernon",TBB,DB,0.0,0.0,0.0,0.0,0.0,0.0,0.0,0.0,0.0,66.1,86.0
311,"Mitchell, Mike",PIT,DB,0.0,0.0,0.0,0.0,0.0,0.0,0.0,0.0,0.0,55.6,86.0
312,"Tartt, Jaquiski",SFO,DB,0.0,0.0,0.0,0.0,0.0,0.0,0.0,0.0,0.0,68.0,86.0
313,"Mathews, Ryan",PHI,RB,0.0,0.0,435.9,5.8,10.8,85.1,0.6,0.0,0.0,0.0,85.9
314,"Dillon, K.J.",HOU,DB,0.0,0.0,0.0,0.0,0.0,0.0,0.0,0.0,0.0,60.0,85.6
315,"Gates, Antonio",LAC,TE,0.0,0.0,0.0,0.0,45.1,470.1,6.7,0.0,0.0,0.0,85.5
316,"McCourty, Devin",NEP,DB,0.0,0.0,0.0,0.0,0.0,0.0,0.0,0.0,0.0,63.0,85.3
317,"Davis, Demario",NYJ,LB,0.0,0.0,0.0,0.0,0.0,0.0,0.0,0.0,0.0,58.0,85.3
318,"Peppers, Jabrill",CLE,DB,0.0,0.0,0.0,0.0,0.0,0.0,0.0,0.0,0.0,53.0,84.8
319,"Nelson, Reggie",OAK,DB,0.0,0.0,0.0,0.0,0.0,0.0,0.0,0.0,0.0,56.0,84.6
320,"Hightower, Dont'a",NEP,LB,0.0,0.0,0.0,0.0,0.0,0.0,0.0,0.0,0.0,51.7,84.6
321,"Swearinger, D.J.",WAS,DB,0.0,0.0,0.0,0.0,0.0,0.0,0.0,0.0,0.0,62.0,84.5
322,"McKinnon, Jerick",MIN,RB,0.0,0.0,433.4,1.6,39.1,260.8,0.9,0.0,0.0,0.0,84.5
323,"Houston, Justin",KCC,LB,0.0,0.0,0.0,0.0,0.0,0.0,0.0,0.0,0.0,59.0,84.3
324,"Turbin, Robert",IND,RB,0.0,0.0,223.9,6.0,27.2,179.6,1.3,0.0,0.0,0.0,84.2
325,"Wilson, Ramik",KCC,LB,0.0,0.0,0.0,0.0,0.0,0.0,0.0,0.0,0.0,65.2,84.2
326,"Maxwell, Byron",MIA,DB,0.0,0.0,0.0,0.0,0.0,0.0,0.0,0.0,0.0,53.0,84.0
327,"Watt, J.J.",HOU,DL,0.0,0.0,0.0,0.0,0.0,0.0,0.0,0.0,0.0,48.0,83.9
328,"Randall, Damarious",GBP,DB,0.0,0.0,0.0,0.0,0.0,0.0,0.0,0.0,0.0,57.7,83.9
329,"Worley, Daryl",CAR,DB,0.0,0.0,0.0,0.0,0.0,0.0,0.0,0.0,0.0,61.0,83.8
330,"Brate, Cameron",TBB,TE,0.0,0.0,0.0,0.0,45.5,549.8,4.8,0.0,0.0,0.0,83.7
331,"Hurns, Allen",JAC,WR,0.0,0.0,6.0,0.0,51.3,651.3,3.0,0.0,0.0,0.0,83.6
332,"Geathers, Clayton",IND,DB,0.0,0.0,0.0,0.0,0.0,0.0,0.0,0.0,0.0,62.0,83.4
333,"Gilmore, Stephon",NEP,DB,0.0,0.0,0.0,0.0,0.0,0.0,0.0,0.0,0.0,54.4,83.3
334,"Woods, Xavier",DAL,DB,0.0,0.0,0.0,0.0,0.0,0.0,0.0,0.0,0.0,60.0,83.3
335,"Davis, Todd",DEN,LB,0.0,0.0,0.0,0.0,0.0,0.0,0.0,0.0,0.0,62.0,83.2
336,"Hooper, Austin",ATL,TE,0.0,0.0,0.0,0.0,35.2,446.9,6.4,0.0,0.0,0.0,83.2
337,"Clay, Charles",BUF,TE,0.0,0.0,0.0,0.0,58.7,583.8,4.1,0.0,0.0,0.0,83.1
338,"Ebron, Eric",DET,TE,0.0,0.0,0.6,0.6,59.6,665.2,2.1,0.0,0.0,0.0,83.1
339,"Parkey, Cody",CLE,K,0.0,0.0,0.0,0.0,0.0,0.0,0.0,20.5,0.0,0.0,83.1
340,"Darby, Ronald",BUF,DB,0.0,0.0,0.0,0.0,0.0,0.0,0.0,0.0,0.0,64.9,82.9
341,"Wilcox, J.J.",TBB,DB,0.0,0.0,0.0,0.0,0.0,0.0,0.0,0.0,0.0,58.7,82.8
342,"Rhodes, Xavier",MIN,DB,0.0,0.0,0.0,0.0,0.0,0.0,0.0,0.0,0.0,59.1,82.4
343,"Inman, Dontrelle",LAC,WR,0.0,0.0,0.0,0.0,45.7,639.2,3.2,0.0,0.0,0.0,82.0
344,"Casillas, Jonathan",NYG,LB,0.0,0.0,0.0,0.0,0.0,0.0,0.0,0.0,0.0,57.1,81.7
345,"Sorensen, Daniel",KCC,DB,0.0,0.0,0.0,0.0,0.0,0.0,0.0,0.0,0.0,57.4,81.2
346,"Jones, Chandler",ARZ,LB,0.0,0.0,0.0,0.0,0.0,0.0,0.0,0.0,0.0,51.0,81.1
347,"Aguayo, Roberto",TBB,K,0.0,0.0,0.0,0.0,0.0,0.0,0.0,18.8,0.0,0.0,80.9
348,"Amos, Adrian",CHI,DB,0.0,0.0,0.0,0.0,0.0,0.0,0.0,0.0,0.0,68.0,80.6
349,"Sendejo, Andrew",MIN,DB,0.0,0.0,0.0,0.0,0.0,0.0,0.0,0.0,0.0,57.0,80.4
350,"McDonald, Vance",SFO,TE,0.0,0.0,0.0,0.0,34.9,475.0,5.5,0.0,0.0,0.0,80.4
351,"Rams, Los Angeles",LAR,D,0.0,0.0,0.0,0.0,0.0,0.0,0.0,0.0,409.9,0.0,80.4
352,"Jones, Reshad",MIA,DB,0.0,0.0,0.0,0.0,0.0,0.0,0.0,0.0,0.0,55.5,80.3
353,"Perriman, Breshad",BAL,WR,0.0,0.0,1.2,0.0,49.8,700.1,1.7,0.0,0.0,0.0,80.3
354,"Lockett, Tyler",SEA,WR,0.0,0.0,29.9,0.6,39.7,584.1,2.5,0.0,0.0,0.0,80.1
355,"Thomas, Julius",MIA,TE,0.0,0.0,0.0,0.0,45.2,430.1,6.2,0.0,0.0,0.0,79.9
356,"Allen, Ricardo",ATL,DB,0.0,0.0,0.0,0.0,0.0,0.0,0.0,0.0,0.0,53.3,79.9
357,"Riddick, Theo",DET,RB,0.0,0.0,313.6,0.6,45.7,314.7,2.3,0.0,0.0,0.0,79.7
358,"Allen, Dwayne",NEP,TE,0.0,0.0,0.0,0.0,42.9,505.8,4.6,0.0,0.0,0.0,79.7
359,"Franks, Andrew",MIA,K,0.0,0.0,0.0,0.0,0.0,0.0,0.0,14.5,0.0,0.0,79.7
360,"Zuerlein, Greg",LAR,K,0.0,0.0,0.0,0.0,0.0,0.0,0.0,17.6,0.0,0.0,79.2
361,"Witten, Jason",DAL,TE,0.0,0.0,0.0,0.0,66.1,608.0,3.4,0.0,0.0,0.0,79.2
362,"Burns, Artie",PIT,DB,0.0,0.0,0.0,0.0,0.0,0.0,0.0,0.0,0.0,54.5,78.9
363,"Alexander, Maurice",LAR,DB,0.0,0.0,0.0,0.0,0.0,0.0,0.0,0.0,0.0,60.4,78.6
364,"Green, T.J.",IND,DB,0.0,0.0,0.0,0.0,0.0,0.0,0.0,0.0,0.0,60.1,78.3
365,"Bills, Buffalo",BUF,D,0.0,0.0,0.0,0.0,0.0,0.0,0.0,0.0,300.8,0.0,78.2
366,"Fiedorowicz, C.J.",HOU,TE,0.0,0.0,0.0,0.0,52.2,549.9,3.8,0.0,0.0,0.0,77.7
367,"Jenkins, Jelani",OAK,LB,0.0,0.0,0.0,0.0,0.0,0.0,0.0,0.0,0.0,59.0,77.6
368,"Fuller, Will",HOU,WR,0.0,0.0,2.3,0.0,52.7,650.2,2.1,0.0,0.0,0.0,77.4
369,"Butler, Malcolm",NEP,DB,0.0,0.0,0.0,0.0,0.0,0.0,0.0,0.0,0.0,51.5,77.0
370,"McFadden, Darren",DAL,RB,0.0,0.0,566.6,1.5,18.9,140.7,0.0,0.0,0.0,0.0,76.7
371,"Stewart, Darian",DEN,DB,0.0,0.0,0.0,0.0,0.0,0.0,0.0,0.0,0.0,53.4,76.5
372,"Wilson, Tavon",DET,DB,0.0,0.0,0.0,0.0,0.0,0.0,0.0,0.0,0.0,63.3,76.1
373,"Funchess, Devin",CAR,WR,0.0,0.0,22.6,0.0,33.1,507.4,3.7,0.0,0.0,0.0,76.0
374,"Chung, Patrick",NEP,DB,0.0,0.0,0.0,0.0,0.0,0.0,0.0,0.0,0.0,48.2,75.8
375,"Thielen, Adam",MIN,WR,0.0,0.0,17.3,0.0,43.5,589.1,2.9,0.0,0.0,0.0,75.6
376,"Washington, DeAndre",OAK,RB,0.0,0.0,484.8,1.7,21.5,186.2,0.0,0.0,0.0,0.0,75.4
377,"Barr, Anthony",MIN,LB,0.0,0.0,0.0,0.0,0.0,0.0,0.0,0.0,0.0,50.0,75.3
378,"Fleener, Coby",NOR,TE,0.0,0.0,0.5,0.2,49.0,576.7,2.7,0.0,0.0,0.0,75.1
379,"Anthony, Stephone",NOR,LB,0.0,0.0,0.0,0.0,0.0,0.0,0.0,0.0,0.0,54.4,75.0
380,"Norman, Josh",WAS,DB,0.0,0.0,0.0,0.0,0.0,0.0,0.0,0.0,0.0,52.1,75.0
381,"Woods, Robert",LAR,WR,0.0,0.0,14.0,0.0,55.3,657.2,1.3,0.0,0.0,0.0,74.9
382,"Boston, Tre",LAC,DB,0.0,0.0,0.0,0.0,0.0,0.0,0.0,0.0,0.0,50.0,74.8
383,"Williams, Damien",MIA,RB,0.0,0.0,172.5,2.7,25.2,246.6,3.1,0.0,0.0,0.0,74.7
384,"Ward, Jimmie",SFO,DB,0.0,0.0,0.0,0.0,0.0,0.0,0.0,0.0,0.0,55.0,74.6
385,"Lippett, Tony",MIA,DB,0.0,0.0,0.0,0.0,0.0,0.0,0.0,0.0,0.0,47.2,74.5
386,"Dupree, Alvin",PIT,LB,0.0,0.0,0.0,0.0,0.0,0.0,0.0,0.0,0.0,52.3,74.5
387,"McDougald, Bradley",SEA,DB,0.0,0.0,0.0,0.0,0.0,0.0,0.0,0.0,0.0,58.4,74.1
388,"49ers, San Francisco",SFO,D,0.0,0.0,0.0,0.0,0.0,0.0,0.0,0.0,407.6,0.0,73.9
389,"White, Kevin",CHI,WR,0.0,0.0,6.2,0.0,56.5,670.3,1.0,0.0,0.0,0.0,73.9
390,"Kearse , Jermaine",SEA,WR,0.0,0.0,2.5,0.0,46.0,571.6,2.7,0.0,0.0,0.0,73.8
391,"Thompson, Shaq",CAR,LB,0.0,0.0,0.0,0.0,0.0,0.0,0.0,0.0,0.0,53.0,73.8
392,"Cockrell, Ross",PIT,DB,0.0,0.0,0.0,0.0,0.0,0.0,0.0,0.0,0.0,50.8,73.7
393,"Hal, Dre",HOU,DB,0.0,0.0,0.0,0.0,0.0,0.0,0.0,0.0,0.0,42.7,73.7
394,"Redskins, Washington",WAS,D,0.0,0.0,0.0,0.0,0.0,0.0,0.0,0.0,376.9,0.0,73.7
395,"Beasley, Cole",DAL,WR,0.0,0.0,2.4,0.0,50.2,536.3,3.3,0.0,0.0,0.0,73.4
396,"Berry, Eric",KCC,DB,0.0,0.0,0.0,0.0,0.0,0.0,0.0,0.0,0.0,50.0,73.3
397,"Jenkins, Janoris",NYG,DB,0.0,0.0,0.0,0.0,0.0,0.0,0.0,0.0,0.0,45.2,73.1
398,"Bosa, Joey",LAC,DL,0.0,0.0,0.0,0.0,0.0,0.0,0.0,0.0,0.0,50.0,73.1
399,"Watson, Benjamin",BAL,TE,0.0,0.0,0.0,0.0,58.8,541.2,3.2,0.0,0.0,0.0,72.9
400,"Hunter, Danielle",MIN,DL,0.0,0.0,0.0,0.0,0.0,0.0,0.0,0.0,0.0,43.0,72.7
401,"Williams, Brandon",ARZ,DB,0.0,0.0,0.0,0.0,0.0,0.0,0.0,0.0,0.0,56.8,72.5
402,"West, Charcandrick",KCC,RB,0.0,0.0,332.9,2.1,21.8,164.1,1.9,0.0,0.0,0.0,72.4
403,"Hitchens, Anthony",DAL,LB,0.0,0.0,0.0,0.0,0.0,0.0,0.0,0.0,0.0,49.0,72.3
404,"Rey, Vincent",CIN,LB,0.0,0.0,0.0,0.0,0.0,0.0,0.0,0.0,0.0,47.5,72.2
405,"Britt, Kenny",CLE,WR,0.0,0.0,6.9,0.0,47.7,617.9,1.8,0.0,0.0,0.0,72.1
406,"Harris, Chris",DEN,DB,0.0,0.0,0.0,0.0,0.0,0.0,0.0,0.0,0.0,53.9,72.1
407,"Lowery, Dwight",LAC,DB,0.0,0.0,0.0,0.0,0.0,0.0,0.0,0.0,0.0,52.3,72.0
408,"Compton, Will",WAS,LB,0.0,0.0,0.0,0.0,0.0,0.0,0.0,0.0,0.0,46.8,72.0
409,"Dolphins, Miami",MIA,D,0.0,0.0,0.0,0.0,0.0,0.0,0.0,0.0,433.3,0.0,71.8
410,"Dunlap, Carlos",CIN,DL,0.0,0.0,0.0,0.0,0.0,0.0,0.0,0.0,0.0,36.0,71.7
411,"Hodges, Gerald",BUF,LB,0.0,0.0,0.0,0.0,0.0,0.0,0.0,0.0,0.0,48.9,71.7
412,"Vernon, Olivier",NYG,DL,0.0,0.0,0.0,0.0,0.0,0.0,0.0,0.0,0.0,49.0,71.5
413,"Branch, Tyvon",ARZ,DB,0.0,0.0,0.0,0.0,0.0,0.0,0.0,0.0,0.0,53.9,71.4
414,"Burkhead, Rex",NEP,RB,0.0,0.0,444.1,1.2,26.5,215.5,0.0,0.0,0.0,0.0,71.4
415,"Jackson, Kareem",HOU,DB,0.0,0.0,0.0,0.0,0.0,0.0,0.0,0.0,0.0,51.4,71.1
416,"Lattimore, Marshon",NOR,DB,0.0,0.0,0.0,0.0,0.0,0.0,0.0,0.0,0.0,51.4,71.0
417,"Bullock, Randy",CIN,K,0.0,0.0,0.0,0.0,0.0,0.0,0.0,17.3,0.0,0.0,70.9
418,"Bell, Vonn",NOR,DB,0.0,0.0,0.0,0.0,0.0,0.0,0.0,0.0,0.0,49.6,70.5
419,"Cook, Jared",OAK,TE,0.0,0.0,0.0,0.0,48.5,554.9,2.5,0.0,0.0,0.0,70.3
420,"Scandrick, Orlando",DAL,DB,0.0,0.0,0.0,0.0,0.0,0.0,0.0,0.0,0.0,48.6,70.3
421,"Ivory, Chris",JAC,RB,0.0,0.0,440.3,3.0,16.9,116.6,0.0,0.0,0.0,0.0,70.2
422,"Vereen, Shane",NYG,RB,0.0,0.0,380.9,0.6,29.4,216.7,1.6,0.0,0.0,0.0,70.1
423,"Heath, Jeff",DAL,DB,0.0,0.0,0.0,0.0,0.0,0.0,0.0,0.0,0.0,53.0,70.1
424,"Amerson, David",OAK,DB,0.0,0.0,0.0,0.0,0.0,0.0,0.0,0.0,0.0,48.8,70.0
425,"Brooks, Ahmad",SFO,LB,0.0,0.0,0.0,0.0,0.0,0.0,0.0,0.0,0.0,47.8,69.6
426,"Quin, Glover",DET,DB,0.0,0.0,0.0,0.0,0.0,0.0,0.0,0.0,0.0,52.8,69.5
427,"Langford, Jeremy",CHI,RB,0.0,0.0,309.2,3.9,18.7,179.3,0.1,0.0,0.0,0.0,69.3
428,"Asiata, Matt",DET,RB,0.0,0.0,264.8,4.6,23.0,172.0,0.0,0.0,0.0,0.0,69.2
429,"Blue, Alfred",HOU,RB,0.0,0.0,557.8,1.1,13.7,60.0,0.5,0.0,0.0,0.0,69.0
430,"Slay, Darius",DET,DB,0.0,0.0,0.0,0.0,0.0,0.0,0.0,0.0,0.0,51.6,68.8
431,"Donald, Aaron",LAR,DL,0.0,0.0,0.0,0.0,0.0,0.0,0.0,0.0,0.0,42.0,68.5
432,"Toomer, Korey",LAC,LB,0.0,0.0,0.0,0.0,0.0,0.0,0.0,0.0,0.0,49.3,67.9
433,"Roberts, Seth",OAK,WR,0.0,0.0,0.3,0.0,34.6,409.4,3.8,0.0,0.0,0.0,67.7
434,"Matthews, Clay",GBP,LB,0.0,0.0,0.0,0.0,0.0,0.0,0.0,0.0,0.0,44.1,67.0
435,"Jets, New York",NYJ,D,0.0,0.0,0.0,0.0,0.0,0.0,0.0,0.0,361.8,0.0,66.9
436,"Campbell, Calais",JAC,DL,0.0,0.0,0.0,0.0,0.0,0.0,0.0,0.0,0.0,39.0,66.9
437,"Pierre-Paul, Jason",NYG,DL,0.0,0.0,0.0,0.0,0.0,0.0,0.0,0.0,0.0,39.6,66.8
438,"Davis, Vontae",IND,DB,0.0,0.0,0.0,0.0,0.0,0.0,0.0,0.0,0.0,44.6,66.6
439,"Wilkerson, Muhammad",NYJ,DL,0.0,0.0,0.0,0.0,0.0,0.0,0.0,0.0,0.0,37.0,66.5
440,"Artis-Payne, Cameron",CAR,RB,0.0,0.0,407.4,2.3,12.7,121.6,0.0,0.0,0.0,0.0,66.5
441,"Grimes, Brent",TBB,DB,0.0,0.0,0.0,0.0,0.0,0.0,0.0,0.0,0.0,39.6,66.4
442,"Richard, Jalen",OAK,RB,0.0,0.0,356.6,0.2,27.5,173.1,2.0,0.0,0.0,0.0,66.1
443,"Rogers, Eli",PIT,WR,0.0,0.0,7.9,0.0,45.2,527.0,2.1,0.0,0.0,0.0,66.0
444,"Amukamara, Prince",CHI,DB,0.0,0.0,0.0,0.0,0.0,0.0,0.0,0.0,0.0,53.2,65.9
445,"Engram, Evan",NYG,TE,0.0,0.0,0.0,0.0,53.5,462.7,3.3,0.0,0.0,0.0,65.9
446,"Gaines, E.J.",LAR,DB,0.0,0.0,0.0,0.0,0.0,0.0,0.0,0.0,0.0,48.9,65.1
447,"Campbell, Ibraheim",CLE,DB,0.0,0.0,0.0,0.0,0.0,0.0,0.0,0.0,0.0,48.9,65.0
448,"Alexander, Lorenzo",BUF,LB,0.0,0.0,0.0,0.0,0.0,0.0,0.0,0.0,0.0,41.0,64.7
449,"Benjamin, Travis",LAC,WR,0.0,0.0,-0.2,0.0,40.2,567.9,2.1,0.0,0.0,0.0,64.7
450,"Saints, New Orleans",NOR,D,0.0,0.0,0.0,0.0,0.0,0.0,0.0,0.0,416.8,0.0,64.4
451,"Mitchell, Malcolm",NEP,WR,0.0,0.0,3.2,0.0,33.5,402.7,4.0,0.0,0.0,0.0,64.2
452,"Griffen, Everson",MIN,DL,0.0,0.0,0.0,0.0,0.0,0.0,0.0,0.0,0.0,40.0,63.9
453,"Cushing, Brian",HOU,LB,0.0,0.0,0.0,0.0,0.0,0.0,0.0,0.0,0.0,44.0,63.7
454,"Apple, Eli",NYG,DB,0.0,0.0,0.0,0.0,0.0,0.0,0.0,0.0,0.0,45.4,63.6
455,"Ryan, Jake",GBP,LB,0.0,0.0,0.0,0.0,0.0,0.0,0.0,0.0,0.0,48.4,63.4
456,"Haden, Joe",CLE,DB,0.0,0.0,0.0,0.0,0.0,0.0,0.0,0.0,0.0,45.3,63.4
457,"Bears, Chicago",CHI,D,0.0,0.0,0.0,0.0,0.0,0.0,0.0,0.0,437.2,0.0,63.3
458,"Ansah, Ezekiel",DET,DL,0.0,0.0,0.0,0.0,0.0,0.0,0.0,0.0,0.0,40.0,63.1
459,"Gay, William",PIT,DB,0.0,0.0,0.0,0.0,0.0,0.0,0.0,0.0,0.0,44.8,63.1
460,"Humphries, Adam",TBB,WR,0.0,0.0,13.5,0.0,43.4,510.5,1.5,0.0,0.0,0.0,63.1
461,"Lane, Jeremy",SEA,DB,0.0,0.0,0.0,0.0,0.0,0.0,0.0,0.0,0.0,44.9,62.8
462,"Witherspoon, Ahkello",SFO,DB,0.0,0.0,0.0,0.0,0.0,0.0,0.0,0.0,0.0,45.1,62.8
463,"Waynes, Trae",MIN,DB,0.0,0.0,0.0,0.0,0.0,0.0,0.0,0.0,0.0,35.7,62.7
464,"Jones, Zay",BUF,WR,0.0,0.0,0.0,0.0,30.8,471.4,2.6,0.0,0.0,0.0,62.7
465,"Hayward, Casey",LAC,DB,0.0,0.0,0.0,0.0,0.0,0.0,0.0,0.0,0.0,38.0,62.6
466,"Collins, Jalen",ATL,DB,0.0,0.0,0.0,0.0,0.0,0.0,0.0,0.0,0.0,40.1,62.6
467,"James, Cory",OAK,LB,0.0,0.0,0.0,0.0,0.0,0.0,0.0,0.0,0.0,49.8,62.6
468,"Boyd, Tyler",CIN,WR,0.0,0.0,37.3,0.0,48.8,569.0,0.5,0.0,0.0,0.0,62.5
469,"Wheaton, Markus",CHI,WR,0.0,0.0,3.0,0.0,32.5,420.0,3.1,0.0,0.0,0.0,62.4
470,"Conley, Chris",KCC,WR,0.0,0.0,28.2,0.8,41.5,470.2,1.3,0.0,0.0,0.0,62.3
471,"Harrison, James",PIT,LB,0.0,0.0,0.0,0.0,0.0,0.0,0.0,0.0,0.0,46.0,62.2
472,"Peterson, Patrick",ARZ,DB,0.0,0.0,0.0,0.0,0.0,0.0,0.0,0.0,0.0,46.7,62.1
473,"Williams, Leonard",NYJ,DL,0.0,0.0,0.0,0.0,0.0,0.0,0.0,0.0,0.0,38.0,62.1
474,"Carroll, Nolan",DAL,DB,0.0,0.0,0.0,0.0,0.0,0.0,0.0,0.0,0.0,44.7,62.0
475,"Orakpo, Brian",TEN,LB,0.0,0.0,0.0,0.0,0.0,0.0,0.0,0.0,0.0,41.5,62.0
476,"Seferian-Jenkins, Austin",NYJ,TE,0.0,0.0,0.0,0.0,40.5,500.0,2.0,0.0,0.0,0.0,61.9
477,"Joseph, Johnathan",HOU,DB,0.0,0.0,0.0,0.0,0.0,0.0,0.0,0.0,0.0,47.1,61.8
478,"Bouye, A.J.",JAC,DB,0.0,0.0,0.0,0.0,0.0,0.0,0.0,0.0,0.0,44.2,61.6
479,"Skrine, Buster",NYJ,DB,0.0,0.0,0.0,0.0,0.0,0.0,0.0,0.0,0.0,44.0,61.5
480,"Clark, Frank",SEA,DL,0.0,0.0,0.0,0.0,0.0,0.0,0.0,0.0,0.0,33.0,61.5
481,"Mills, Jalen",PHI,DB,0.0,0.0,0.0,0.0,0.0,0.0,0.0,0.0,0.0,46.9,61.5
482,"Woodyard , Wesley",TEN,LB,0.0,0.0,0.0,0.0,0.0,0.0,0.0,0.0,0.0,43.5,61.4
483,"McCain, Brice",TEN,DB,0.0,0.0,0.0,0.0,0.0,0.0,0.0,0.0,0.0,41.2,61.2
484,"Jordan, Cameron",NOR,DL,0.0,0.0,0.0,0.0,0.0,0.0,0.0,0.0,0.0,37.6,61.2
485,"Thomas, Earl",SEA,DB,0.0,0.0,0.0,0.0,0.0,0.0,0.0,0.0,0.0,34.4,61.1
486,"Allen, Nate",MIA,DB,0.0,0.0,0.0,0.0,0.0,0.0,0.0,0.0,0.0,40.0,61.0
487,"Tye, Will",NYG,TE,0.0,0.0,0.0,0.0,52.4,504.8,1.7,0.0,0.0,0.0,60.9
488,"Taylor, Jamar",CLE,DB,0.0,0.0,0.0,0.0,0.0,0.0,0.0,0.0,0.0,43.8,60.7
489,"Thompson, Darian",NYG,DB,0.0,0.0,0.0,0.0,0.0,0.0,0.0,0.0,0.0,43.5,60.7
490,"Rodgers, Jacquizz",TBB,RB,0.0,0.0,367.4,2.5,11.7,93.7,0.1,0.0,0.0,0.0,60.6
491,"Hughes, Jerry",BUF,DL,0.0,0.0,0.0,0.0,0.0,0.0,0.0,0.0,0.0,43.0,60.6
492,"Talib, Aqib",DEN,DB,0.0,0.0,0.0,0.0,0.0,0.0,0.0,0.0,0.0,39.6,60.3
493,"Joyner, Lamarcus",LAR,DB,0.0,0.0,0.0,0.0,0.0,0.0,0.0,0.0,0.0,43.1,60.2
494,"Sherman, Richard",SEA,DB,0.0,0.0,0.0,0.0,0.0,0.0,0.0,0.0,0.0,35.6,60.1
495,"Graham, Brandon",PHI,DL,0.0,0.0,0.0,0.0,0.0,0.0,0.0,0.0,0.0,42.0,59.9
496,"Cox, Fletcher",PHI,DL,0.0,0.0,0.0,0.0,0.0,0.0,0.0,0.0,0.0,36.0,59.9
497,"Wilson, Albert",KCC,WR,0.0,0.0,28.4,0.5,35.8,352.5,3.0,0.0,0.0,0.0,59.4
498,"Mercilus, Whitney",HOU,LB,0.0,0.0,0.0,0.0,0.0,0.0,0.0,0.0,0.0,38.8,59.2
499,"Newman, Terence",MIN,DB,0.0,0.0,0.0,0.0,0.0,0.0,0.0,0.0,0.0,43.5,59.2
500,"Ingram, Melvin",LAC,DL,0.0,0.0,0.0,0.0,0.0,0.0,0.0,0.0,0.0,58.0,59.1
501,"Atkins, Geno",CIN,DL,0.0,0.0,0.0,0.0,0.0,0.0,0.0,0.0,0.0,37.0,58.8
502,"Perry, Nick",GBP,LB,0.0,0.0,0.0,0.0,0.0,0.0,0.0,0.0,0.0,34.0,58.8
503,"Suh, Ndamukong",MIA,DL,0.0,0.0,0.0,0.0,0.0,0.0,0.0,0.0,0.0,37.0,58.7
504,"Lewis, Dion",NEP,RB,0.0,0.0,308.6,0.6,25.6,180.4,1.3,0.0,0.0,0.0,58.7
505,"Wake, Cameron",MIA,DL,0.0,0.0,0.0,0.0,0.0,0.0,0.0,0.0,0.0,32.0,58.6
506,"Carder, Tank",CLE,LB,0.0,0.0,0.0,0.0,0.0,0.0,0.0,0.0,0.0,38.0,58.5
507,"Kerley, Jeremy",SFO,WR,0.0,0.0,0.0,0.0,47.5,500.8,1.6,0.0,0.0,0.0,58.3
508,"Buckner, DeForest",SFO,DL,0.0,0.0,0.0,0.0,0.0,0.0,0.0,0.0,0.0,41.0,58.2
509,"Heyward, Cameron",PIT,DL,0.0,0.0,0.0,0.0,0.0,0.0,0.0,0.0,0.0,37.0,58.0
510,"Humber, Ramon",BUF,LB,0.0,0.0,0.0,0.0,0.0,0.0,0.0,0.0,0.0,39.7,58.0
511,"Dareus, Marcell",BUF,DL,0.0,0.0,0.0,0.0,0.0,0.0,0.0,0.0,0.0,42.0,57.9
512,"Short, Kawann",CAR,DL,0.0,0.0,0.0,0.0,0.0,0.0,0.0,0.0,0.0,33.7,57.9
513,"Colvin, Aaron",JAC,DB,0.0,0.0,0.0,0.0,0.0,0.0,0.0,0.0,0.0,46.4,57.7
514,"Shead, Deshawn",SEA,DB,0.0,0.0,0.0,0.0,0.0,0.0,0.0,0.0,0.0,37.9,57.5
515,"Roby, Bradley",DEN,DB,0.0,0.0,0.0,0.0,0.0,0.0,0.0,0.0,0.0,36.2,57.4
516,"Brown, Anthony",DAL,DB,0.0,0.0,0.0,0.0,0.0,0.0,0.0,0.0,0.0,39.9,57.1
517,"Lawrence, Demarcus",DAL,DL,0.0,0.0,0.0,0.0,0.0,0.0,0.0,0.0,0.0,37.0,57.1
518,"Avril, Cliff",SEA,DL,0.0,0.0,0.0,0.0,0.0,0.0,0.0,0.0,0.0,31.0,57.1
519,"Byard, Kevin",TEN,DB,0.0,0.0,0.0,0.0,0.0,0.0,0.0,0.0,0.0,44.0,56.9
520,"Oliver, Branden",LAC,RB,0.0,0.0,304.5,0.8,22.6,212.4,0.0,0.0,0.0,0.0,56.8
521,"Flowers, Trey",NEP,DL,0.0,0.0,0.0,0.0,0.0,0.0,0.0,0.0,0.0,30.0,56.5
522,"Morrison, Antonio",IND,LB,0.0,0.0,0.0,0.0,0.0,0.0,0.0,0.0,0.0,40.9,56.5
523,"Ogbah, Emmanuel",CLE,DL,0.0,0.0,0.0,0.0,0.0,0.0,0.0,0.0,0.0,41.0,56.4
524,"Trufant, Desmond",ATL,DB,0.0,0.0,0.0,0.0,0.0,0.0,0.0,0.0,0.0,39.8,56.3
525,"Irvin, Bruce",OAK,LB,0.0,0.0,0.0,0.0,0.0,0.0,0.0,0.0,0.0,40.3,56.1
526,"Golladay, Kenny",DET,WR,0.0,0.0,0.4,0.0,42.1,515.5,1.0,0.0,0.0,0.0,56.1
527,"McMillan, Raekwon",MIA,LB,0.0,0.0,0.0,0.0,0.0,0.0,0.0,0.0,0.0,44.2,56.0
528,"Hicks, Akiem",CHI,DL,0.0,0.0,0.0,0.0,0.0,0.0,0.0,0.0,0.0,35.0,56.0
529,"LeBlanc, Cre'von",CHI,DB,0.0,0.0,0.0,0.0,0.0,0.0,0.0,0.0,0.0,45.4,55.9
530,"Clowney, Jadeveon",HOU,LB,0.0,0.0,0.0,0.0,0.0,0.0,0.0,0.0,0.0,35.0,55.9
531,"Reynolds, Ed",CLE,DB,0.0,0.0,0.0,0.0,0.0,0.0,0.0,0.0,0.0,43.7,55.9
532,"James, Jesse",PIT,TE,0.0,0.0,0.0,0.0,42.6,421.9,2.3,0.0,0.0,0.0,55.8
533,"Allen, Javorius",BAL,RB,0.0,0.0,267.5,0.6,31.8,204.8,1.0,0.0,0.0,0.0,55.8
534,"Celek, Garrett",SFO,TE,0.0,0.0,0.0,0.0,27.4,318.9,4.2,0.0,0.0,0.0,55.6
535,"McCoy, Gerald",TBB,DL,0.0,0.0,0.0,0.0,0.0,0.0,0.0,0.0,0.0,35.0,55.4
536,"Bynes, Josh",FA,LB,0.0,0.0,0.0,0.0,0.0,0.0,0.0,0.0,0.0,34.8,55.4
537,"Young, Tavon",BAL,DB,0.0,0.0,0.0,0.0,0.0,0.0,0.0,0.0,0.0,38.7,55.4
538,"Iloka, George",CIN,DB,0.0,0.0,0.0,0.0,0.0,0.0,0.0,0.0,0.0,37.7,55.1
539,"McCourty, Jason ",CLE,DB,0.0,0.0,0.0,0.0,0.0,0.0,0.0,0.0,0.0,41.8,55.0
540,"Verrett, Jason",LAC,DB,0.0,0.0,0.0,0.0,0.0,0.0,0.0,0.0,0.0,39.5,55.0
541,"Ray, Shane",DEN,LB,0.0,0.0,0.0,0.0,0.0,0.0,0.0,0.0,0.0,35.9,55.0
542,"Allen, Jonathan",WAS,DL,0.0,0.0,0.0,0.0,0.0,0.0,0.0,0.0,0.0,35.0,54.8
543,"Dorsett, Phillip",IND,WR,0.0,0.0,11.5,0.0,31.4,436.4,1.7,0.0,0.0,0.0,54.7
544,"Carr, Brandon",BAL,DB,0.0,0.0,0.0,0.0,0.0,0.0,0.0,0.0,0.0,40.4,54.6
545,"Tuitt, Stephon",PIT,DL,0.0,0.0,0.0,0.0,0.0,0.0,0.0,0.0,0.0,36.0,54.5
546,"Hall, DeAngelo",WAS,DB,0.0,0.0,0.0,0.0,0.0,0.0,0.0,0.0,0.0,40.9,54.4
547,"Casey, Jurrell",TEN,DL,0.0,0.0,0.0,0.0,0.0,0.0,0.0,0.0,0.0,34.6,54.4
548,"Melvin, Rashaan",IND,DB,0.0,0.0,0.0,0.0,0.0,0.0,0.0,0.0,0.0,43.0,54.3
549,"Kennard, Devon",NYG,LB,0.0,0.0,0.0,0.0,0.0,0.0,0.0,0.0,0.0,41.4,54.3
550,"Whitner, Donte",FA,DB,0.0,0.0,0.0,0.0,0.0,0.0,0.0,0.0,0.0,44.2,54.1
551,"Rodgers-Cromartie, Dominique",NYG,DB,0.0,0.0,0.0,0.0,0.0,0.0,0.0,0.0,0.0,30.1,53.6
552,"Kwiatkoski, Nick",CHI,LB,0.0,0.0,0.0,0.0,0.0,0.0,0.0,0.0,0.0,38.6,53.6
553,"Richardson, Sheldon",NYJ,DL,0.0,0.0,0.0,0.0,0.0,0.0,0.0,0.0,0.0,33.0,53.4
554,"Charlton, Taco",DAL,DL,0.0,0.0,0.0,0.0,0.0,0.0,0.0,0.0,0.0,33.0,53.4
555,"Cadet, Travaris",NOR,RB,0.0,0.0,31.5,0.0,39.6,307.0,3.5,0.0,0.0,0.0,53.3
556,"Joseph, Linval",MIN,DL,0.0,0.0,0.0,0.0,0.0,0.0,0.0,0.0,0.0,35.0,53.1
557,"Breaux, Delvin",NOR,DB,0.0,0.0,0.0,0.0,0.0,0.0,0.0,0.0,0.0,40.9,53.1
558,"Ayers, Robert",TBB,DL,0.0,0.0,0.0,0.0,0.0,0.0,0.0,0.0,0.0,32.0,53.0
559,"Goodwin, Marquise",SFO,WR,0.0,0.0,0.0,0.0,41.4,462.9,1.1,0.0,0.0,0.0,52.7
560,"White, Tre'Davious",BUF,DB,0.0,0.0,0.0,0.0,0.0,0.0,0.0,0.0,0.0,35.8,52.7
561,"Browns, Cleveland",CLE,D,0.0,0.0,0.0,0.0,0.0,0.0,0.0,0.0,404.4,0.0,52.4
562,"Randle, Rueben",CHI,WR,0.0,0.0,0.0,0.0,17.7,265.6,4.3,0.0,0.0,0.0,52.3
563,"Thomas, Solomon",SFO,DL,0.0,0.0,0.0,0.0,0.0,0.0,0.0,0.0,0.0,36.6,52.2
564,"Bennett, Michael",SEA,DL,0.0,0.0,0.0,0.0,0.0,0.0,0.0,0.0,0.0,32.0,52.2
565,"Humphrey, Marlon",BAL,DB,0.0,0.0,0.0,0.0,0.0,0.0,0.0,0.0,0.0,37.6,52.1
566,"Osweiler, Brock",CLE,QB,914.5,4.1,34.9,0.9,0.0,0.0,0.0,0.0,0.0,0.0,52.0
567,"Dzubnar, Nick",LAC,LB,0.0,0.0,0.0,0.0,0.0,0.0,0.0,0.0,0.0,37.6,51.9
568,"Higbee, Tyler",LAR,TE,0.0,0.0,0.0,0.0,36.4,354.7,3.0,0.0,0.0,0.0,51.8
569,"Jackson, Malik",JAC,DL,0.0,0.0,0.0,0.0,0.0,0.0,0.0,0.0,0.0,36.0,51.8
570,"Boddy-Calhoun, Briean",CLE,DB,0.0,0.0,0.0,0.0,0.0,0.0,0.0,0.0,0.0,36.3,51.7
571,"Addison, Mario",CAR,DL,0.0,0.0,0.0,0.0,0.0,0.0,0.0,0.0,0.0,30.0,51.7
572,"Suggs, Terrell",BAL,LB,0.0,0.0,0.0,0.0,0.0,0.0,0.0,0.0,0.0,32.0,51.5
573,"Draughn, Shaun",NYG,RB,0.0,0.0,138.0,2.2,21.3,177.1,1.3,0.0,0.0,0.0,51.2
574,"Cooper, Marcus",CHI,DB,0.0,0.0,0.0,0.0,0.0,0.0,0.0,0.0,0.0,39.3,51.1
575,"Ealy, Kony",NEP,DL,0.0,0.0,0.0,0.0,0.0,0.0,0.0,0.0,0.0,27.0,50.9
576,"Floyd, Leonard",CHI,LB,0.0,0.0,0.0,0.0,0.0,0.0,0.0,0.0,0.0,34.1,50.9
577,"Branch, Andre",MIA,DL,0.0,0.0,0.0,0.0,0.0,0.0,0.0,0.0,0.0,31.0,50.8
578,"Dennard, Darqueze",CIN,DB,0.0,0.0,0.0,0.0,0.0,0.0,0.0,0.0,0.0,39.4,50.8
579,"Lawson, Shaq",BUF,DL,0.0,0.0,0.0,0.0,0.0,0.0,0.0,0.0,0.0,40.0,50.7
580,"Van Noy, Kyle",NEP,LB,0.0,0.0,0.0,0.0,0.0,0.0,0.0,0.0,0.0,30.9,50.4
581,"Wright, Jarius",MIN,WR,0.0,0.0,1.5,0.0,45.4,479.9,0.6,0.0,0.0,0.0,50.4
582,"Wolfe, Derek",DEN,DL,0.0,0.0,0.0,0.0,0.0,0.0,0.0,0.0,0.0,35.9,50.3
583,"Davis, Vernon",WAS,TE,0.0,0.0,0.0,0.0,35.3,444.6,1.0,0.0,0.0,0.0,50.3
584,"Barwin, Connor",LAR,LB,0.0,0.0,0.0,0.0,0.0,0.0,0.0,0.0,0.0,33.0,50.2
585,"Garrett, Myles",CLE,DL,0.0,0.0,0.0,0.0,0.0,0.0,0.0,0.0,0.0,35.0,50.2
586,"Harrison, Damon",NYG,DL,0.0,0.0,0.0,0.0,0.0,0.0,0.0,0.0,0.0,37.0,50.2
587,"Jenkins, Jordan",NYJ,LB,0.0,0.0,0.0,0.0,0.0,0.0,0.0,0.0,0.0,29.9,50.1
588,"Wright, Kendall",CHI,WR,0.0,0.0,21.1,0.0,30.2,355.5,2.4,0.0,0.0,0.0,50.0
589,"Smith, Jimmy",BAL,DB,0.0,0.0,0.0,0.0,0.0,0.0,0.0,0.0,0.0,37.8,49.8
590,"Pryor, Calvin",CLE,DB,0.0,0.0,0.0,0.0,0.0,0.0,0.0,0.0,0.0,38.1,49.8
591,"Barnett, Derek",PHI,DL,0.0,0.0,0.0,0.0,0.0,0.0,0.0,0.0,0.0,33.0,49.5
592,"Lewis, Marcedes",JAC,TE,0.0,0.0,0.0,0.0,33.1,307.4,3.1,0.0,0.0,0.0,49.5
593,"Peppers, Julius",CAR,DL,0.0,0.0,0.0,0.0,0.0,0.0,0.0,0.0,0.0,23.0,49.3
594,"Golden, Markus",ARZ,LB,0.0,0.0,0.0,0.0,0.0,0.0,0.0,0.0,0.0,30.4,49.1
595,"Johnson, Dontae",SFO,DB,0.0,0.0,0.0,0.0,0.0,0.0,0.0,0.0,0.0,36.4,49.1
596,"Flowers, Marquis",CIN,LB,0.0,0.0,0.0,0.0,0.0,0.0,0.0,0.0,0.0,30.2,48.8
597,"Coleman, Brandon",NOR,WR,0.0,0.0,0.0,0.0,26.5,346.3,2.3,0.0,0.0,0.0,48.7
598,"Hankins, Jonathan",IND,DL,0.0,0.0,0.0,0.0,0.0,0.0,0.0,0.0,0.0,31.0,48.5
599,"Fowler, Dante",JAC,DL,0.0,0.0,0.0,0.0,0.0,0.0,0.0,0.0,0.0,31.6,48.4
600,"Foster, Reuben",SFO,LB,0.0,0.0,0.0,0.0,0.0,0.0,0.0,0.0,0.0,36.4,48.4
601,"Johnson, Charles",CAR,DL,0.0,0.0,0.0,0.0,0.0,0.0,0.0,0.0,0.0,22.0,48.2
602,"Gholston, William",TBB,DL,0.0,0.0,0.0,0.0,0.0,0.0,0.0,0.0,0.0,36.0,47.9
603,"Sheard, Jabaal",IND,LB,0.0,0.0,0.0,0.0,0.0,0.0,0.0,0.0,0.0,30.5,47.8
604,"Beasley, Vic",ATL,LB,0.0,0.0,0.0,0.0,0.0,0.0,0.0,0.0,0.0,25.2,47.8
605,"Langford, Kendall",IND,DL,0.0,0.0,0.0,0.0,0.0,0.0,0.0,0.0,0.0,32.9,47.6
606,"Williams, Marcus",NYJ,DB,0.0,0.0,0.0,0.0,0.0,0.0,0.0,0.0,0.0,29.2,47.6
607,"Green, Virgil",DEN,TE,0.0,0.0,0.0,0.0,31.6,362.3,1.9,0.0,0.0,0.0,47.5
608,"Ninkovich, Rob",NEP,DL,0.0,0.0,0.0,0.0,0.0,0.0,0.0,0.0,0.0,27.0,47.5
609,"Coates, Sammie",PIT,WR,0.0,0.0,13.1,0.0,23.4,426.6,0.7,0.0,0.0,0.0,47.5
610,"Johnson, Michael",CIN,DL,0.0,0.0,0.0,0.0,0.0,0.0,0.0,0.0,0.0,32.2,47.3
611,"Reed, Brooks",ATL,DL,0.0,0.0,0.0,0.0,0.0,0.0,0.0,0.0,0.0,32.0,47.3
612,"Green-Beckham, Dorial",FA,WR,0.0,0.0,0.0,0.0,32.8,361.2,1.8,0.0,0.0,0.0,47.2
613,"Kamara, Alvin",NOR,RB,0.0,0.0,156.8,3.1,20.4,125.0,0.0,0.0,0.0,0.0,47.1
614,"Swoope, Erik",IND,TE,0.0,0.0,0.3,0.0,30.2,356.5,1.9,0.0,0.0,0.0,47.0
615,"Doctson, Josh",WAS,WR,0.0,0.0,0.0,0.0,35.9,442.4,0.9,0.0,0.0,0.0,46.9
616,"Brockers, Michael",LAR,DL,0.0,0.0,0.0,0.0,0.0,0.0,0.0,0.0,0.0,31.2,46.9
617,"Kirkpatrick, Dre",CIN,DB,0.0,0.0,0.0,0.0,0.0,0.0,0.0,0.0,0.0,30.7,46.7
618,"Edwards, Mario",OAK,DL,0.0,0.0,0.0,0.0,0.0,0.0,0.0,0.0,0.0,34.0,46.6
619,"Smallwood, Wendell",PHI,RB,0.0,0.0,338.2,0.7,13.9,90.2,0.0,0.0,0.0,0.0,46.5
620,"Daniels, Mike",GBP,DL,0.0,0.0,0.0,0.0,0.0,0.0,0.0,0.0,0.0,33.0,46.4
621,"Lions, Detroit",DET,D,0.0,0.0,0.0,0.0,0.0,0.0,0.0,0.0,377.5,0.0,46.3
622,"Poyer, Jordan",BUF,DB,0.0,0.0,0.0,0.0,0.0,0.0,0.0,0.0,0.0,33.9,46.3
623,"Stupar, Nathan",NOR,LB,0.0,0.0,0.0,0.0,0.0,0.0,0.0,0.0,0.0,33.0,45.9
624,"McPhee, Pernell",CHI,LB,0.0,0.0,0.0,0.0,0.0,0.0,0.0,0.0,0.0,32.9,45.9
625,"Hewitt, Neville",MIA,LB,0.0,0.0,0.0,0.0,0.0,0.0,0.0,0.0,0.0,33.8,45.7
626,"Liuget, Corey",LAC,DL,0.0,0.0,0.0,0.0,0.0,0.0,0.0,0.0,0.0,34.0,45.7
627,"Crick, Jared",DEN,DL,0.0,0.0,0.0,0.0,0.0,0.0,0.0,0.0,0.0,28.4,45.5
628,"Gaines, Phillip",KCC,DB,0.0,0.0,0.0,0.0,0.0,0.0,0.0,0.0,0.0,34.9,45.4
629,"Bush, Rafael",NOR,DB,0.0,0.0,0.0,0.0,0.0,0.0,0.0,0.0,0.0,33.5,45.4
630,"Williams, Kyle",BUF,DL,0.0,0.0,0.0,0.0,0.0,0.0,0.0,0.0,0.0,32.0,45.3
631,"Gipson, Tashaun",JAC,DB,0.0,0.0,0.0,0.0,0.0,0.0,0.0,0.0,0.0,34.8,45.2
632,"Allison, Geronimo",GBP,WR,0.0,0.0,11.5,0.6,24.4,309.1,1.5,0.0,0.0,0.0,45.1
633,"Gresham, Jermaine",ARZ,TE,0.0,0.0,0.0,0.0,33.1,368.9,1.4,0.0,0.0,0.0,45.0
634,"Butler, Darius",IND,DB,0.0,0.0,0.0,0.0,0.0,0.0,0.0,0.0,0.0,29.3,44.9
635,"McClain, Terrell",WAS,DL,0.0,0.0,0.0,0.0,0.0,0.0,0.0,0.0,0.0,27.0,44.8
636,"Latham, Darius",OAK,DL,0.0,0.0,0.0,0.0,0.0,0.0,0.0,0.0,0.0,32.2,44.8
637,"Fuller, Kyle",CHI,DB,0.0,0.0,0.0,0.0,0.0,0.0,0.0,0.0,0.0,33.9,44.7
638,"Heyward-Bey, Darrius",PIT,WR,0.0,0.0,3.8,0.5,16.4,319.5,1.6,0.0,0.0,0.0,44.5
639,"Davis, Cody",LAR,DB,0.0,0.0,0.0,0.0,0.0,0.0,0.0,0.0,0.0,28.2,44.5
640,"Sharpe, Tajae",TEN,WR,0.0,0.0,4.2,0.0,27.5,355.5,1.4,0.0,0.0,0.0,44.4
641,"Jackson, Vincent",FA,WR,0.0,0.0,0.0,0.0,28.1,428.1,0.2,0.0,0.0,0.0,44.3
642,"Rankins, Sheldon",NOR,DL,0.0,0.0,0.0,0.0,0.0,0.0,0.0,0.0,0.0,27.0,44.2
643,"Branch, Alan",NEP,DL,0.0,0.0,0.0,0.0,0.0,0.0,0.0,0.0,0.0,24.1,44.1
644,"Munnerlyn, Captain",CAR,DB,0.0,0.0,0.0,0.0,0.0,0.0,0.0,0.0,0.0,34.1,44.0
645,"Quinn, Robert",LAR,LB,0.0,0.0,0.0,0.0,0.0,0.0,0.0,0.0,0.0,40.0,43.8
646,"Shorts, Cecil",FA,WR,0.0,0.0,21.7,0.0,28.7,383.5,0.4,0.0,0.0,0.0,43.7
647,"Griffin, Ryan",HOU,TE,0.0,0.0,0.0,0.0,40.0,362.1,1.5,0.0,0.0,0.0,43.7
648,"Morgan, Derrick",TEN,LB,0.0,0.0,0.0,0.0,0.0,0.0,0.0,0.0,0.0,26.2,43.3
649,"Heeney, Ben",OAK,LB,0.0,0.0,0.0,0.0,0.0,0.0,0.0,0.0,0.0,33.1,43.3
650,"Searcy, Da'Norris",TEN,DB,0.0,0.0,0.0,0.0,0.0,0.0,0.0,0.0,0.0,31.9,43.1
651,"Gilchrist, Marcus",FA,DB,0.0,0.0,0.0,0.0,0.0,0.0,0.0,0.0,0.0,32.0,43.0
652,"Thomas, Michael",MIA,DB,0.0,0.0,0.0,0.0,0.0,0.0,0.0,0.0,0.0,29.5,43.0
653,"Ripkowski, Aaron",GBP,RB,0.0,0.0,148.2,3.4,12.8,83.1,0.3,0.0,0.0,0.0,43.0
654,"Callahan, Bryce",CHI,DB,0.0,0.0,0.0,0.0,0.0,0.0,0.0,0.0,0.0,35.2,42.8
655,"Williams, Marcus",NOR,DB,0.0,0.0,0.0,0.0,0.0,0.0,0.0,0.0,0.0,32.0,42.6
656,"Nkemdiche, Robert",ARZ,DL,0.0,0.0,0.0,0.0,0.0,0.0,0.0,0.0,0.0,27.0,42.4
657,"Curry, Vinny",PHI,DL,0.0,0.0,0.0,0.0,0.0,0.0,0.0,0.0,0.0,32.0,42.4
658,"Hyder, Kerry",DET,DL,0.0,0.0,0.0,0.0,0.0,0.0,0.0,0.0,0.0,25.0,42.2
659,"Kazee, Damontae",ATL,DB,0.0,0.0,0.0,0.0,0.0,0.0,0.0,0.0,0.0,27.8,42.0
660,"Crawley, Ken",NOR,DB,0.0,0.0,0.0,0.0,0.0,0.0,0.0,0.0,0.0,33.0,41.6
661,"Parry, David",IND,DL,0.0,0.0,0.0,0.0,0.0,0.0,0.0,0.0,0.0,31.9,41.6
662,"Urban, Brent",BAL,DL,0.0,0.0,0.0,0.0,0.0,0.0,0.0,0.0,0.0,27.0,41.6
663,"Samuel, Curtis",CAR,WR,0.0,0.0,10.0,0.0,29.5,381.8,0.5,0.0,0.0,0.0,41.6
664,"Quick, Brian",WAS,WR,0.0,0.0,0.0,0.0,29.8,375.6,0.7,0.0,0.0,0.0,41.6
665,"Stewart, ArDarius",NYJ,WR,0.0,0.0,0.0,0.0,32.4,412.8,0.3,0.0,0.0,0.0,41.6
666,"Rubin, Ahtyba",SEA,DL,0.0,0.0,0.0,0.0,0.0,0.0,0.0,0.0,0.0,25.2,41.6
667,"Robinson, Rashard",SFO,DB,0.0,0.0,0.0,0.0,0.0,0.0,0.0,0.0,0.0,28.8,41.4
668,"Hardy, Justin",ATL,WR,0.0,0.0,0.0,0.0,25.6,264.8,2.5,0.0,0.0,0.0,41.3
669,"Hamilton, Cobi",PIT,WR,0.0,0.0,0.0,0.0,19.5,263.7,2.5,0.0,0.0,0.0,41.1
670,"Claiborne, Morris",NYJ,DB,0.0,0.0,0.0,0.0,0.0,0.0,0.0,0.0,0.0,32.1,40.9
671,"Williams, P.J.",NOR,DB,0.0,0.0,0.0,0.0,0.0,0.0,0.0,0.0,0.0,29.5,40.9
672,"Anderson, Ryan",WAS,LB,0.0,0.0,0.0,0.0,0.0,0.0,0.0,0.0,0.0,24.7,40.9
673,"Gillmore, Crockett",BAL,TE,0.0,0.0,0.0,0.0,31.3,244.0,2.7,0.0,0.0,0.0,40.6
674,"Bellore, Nick",DET,LB,0.0,0.0,0.0,0.0,0.0,0.0,0.0,0.0,0.0,30.4,40.6
675,"Williams, Brandon",BAL,DL,0.0,0.0,0.0,0.0,0.0,0.0,0.0,0.0,0.0,30.0,40.5
676,"Richardson, Paul",SEA,WR,0.0,0.0,2.6,0.0,21.6,322.1,1.3,0.0,0.0,0.0,40.5
677,"Kerrigan, Ryan",WAS,LB,0.0,0.0,0.0,0.0,0.0,0.0,0.0,0.0,0.0,22.8,40.3
678,"Roberts, Elandon",NEP,LB,0.0,0.0,0.0,0.0,0.0,0.0,0.0,0.0,0.0,30.1,40.2
679,"Shelton, Danny",CLE,DL,0.0,0.0,0.0,0.0,0.0,0.0,0.0,0.0,0.0,27.3,40.1
680,"Smith, Jacquies",TBB,DL,0.0,0.0,0.0,0.0,0.0,0.0,0.0,0.0,0.0,26.7,40.1
681,"Simon, John",IND,LB,0.0,0.0,0.0,0.0,0.0,0.0,0.0,0.0,0.0,22.9,39.9
682,"Robey, Nickell",LAR,DB,0.0,0.0,0.0,0.0,0.0,0.0,0.0,0.0,0.0,32.4,39.8
683,"Fitzpatrick, Ryan",TBB,QB,894.8,3.8,44.9,0.0,0.0,0.0,0.0,0.0,0.0,0.0,39.7
684,"McLellan, Albert",BAL,LB,0.0,0.0,0.0,0.0,0.0,0.0,0.0,0.0,0.0,25.6,39.5
685,"Houston, Lamarr",CHI,LB,0.0,0.0,0.0,0.0,0.0,0.0,0.0,0.0,0.0,28.0,39.3
686,"Easley, Dominique",LAR,DL,0.0,0.0,0.0,0.0,0.0,0.0,0.0,0.0,0.0,28.4,39.1
687,"Louis, Ricardo",CLE,WR,0.0,0.0,-1.4,0.0,27.8,322.8,1.2,0.0,0.0,0.0,39.1
688,"Cruz, Victor",CHI,WR,0.0,0.0,0.1,0.0,24.8,363.6,0.6,0.0,0.0,0.0,38.9
689,"Ngakoue, Yannick",JAC,DL,0.0,0.0,0.0,0.0,0.0,0.0,0.0,0.0,0.0,22.3,38.9
690,"Robinson, Patrick",PHI,DB,0.0,0.0,0.0,0.0,0.0,0.0,0.0,0.0,0.0,27.8,38.8
691,"Walford, Clive",OAK,TE,0.0,0.0,0.0,0.0,28.3,311.4,1.3,0.0,0.0,0.0,38.8
692,"Hayes, William",MIA,DL,0.0,0.0,0.0,0.0,0.0,0.0,0.0,0.0,0.0,26.8,38.8
693,"Mager, Craig",LAC,DB,0.0,0.0,0.0,0.0,0.0,0.0,0.0,0.0,0.0,25.4,38.6
694,"Alexander, Dominique",CLE,LB,0.0,0.0,0.0,0.0,0.0,0.0,0.0,0.0,0.0,23.4,38.6
695,"Brown, Malcolm",NEP,DL,0.0,0.0,0.0,0.0,0.0,0.0,0.0,0.0,0.0,22.7,38.5
696,"Washington, Dwayne",DET,RB,0.0,0.0,228.3,1.3,11.9,79.0,0.0,0.0,0.0,0.0,38.4
697,"Conte, Chris",TBB,DB,0.0,0.0,0.0,0.0,0.0,0.0,0.0,0.0,0.0,31.0,38.3
698,"Kendricks, Lance",GBP,TE,0.0,0.0,0.0,0.0,33.4,329.9,1.0,0.0,0.0,0.0,38.2
699,"Moore, Sio",HOU,LB,0.0,0.0,0.0,0.0,0.0,0.0,0.0,0.0,0.0,29.0,38.1
700,"Williams, Kerwynn",ARZ,RB,0.0,0.0,236.3,2.3,3.2,22.8,0.0,0.0,0.0,0.0,38.0
701,"Long, Chris",PHI,DL,0.0,0.0,0.0,0.0,0.0,0.0,0.0,0.0,0.0,22.5,37.9
702,"Amendola, Danny",NEP,WR,0.0,0.0,5.6,0.0,19.1,181.8,3.4,0.0,0.0,0.0,37.8
703,"Ishmael, Kemal",ATL,LB,0.0,0.0,0.0,0.0,0.0,0.0,0.0,0.0,0.0,27.0,37.7
704,"Bryant, Armonty",DET,DL,0.0,0.0,0.0,0.0,0.0,0.0,0.0,0.0,0.0,25.0,37.2
705,"Baker, Chris",TBB,DL,0.0,0.0,0.0,0.0,0.0,0.0,0.0,0.0,0.0,25.2,37.2
706,"Robison, Brian",MIN,DL,0.0,0.0,0.0,0.0,0.0,0.0,0.0,0.0,0.0,20.3,37.1
707,"Whittaker, Fozzy",CAR,RB,0.0,0.0,237.6,0.4,13.9,116.0,0.0,0.0,0.0,0.0,36.9
708,"Jarrett, Grady",ATL,DL,0.0,0.0,0.0,0.0,0.0,0.0,0.0,0.0,0.0,18.3,36.6
709,"Okwara, Romeo",NYG,DL,0.0,0.0,0.0,0.0,0.0,0.0,0.0,0.0,0.0,21.8,36.5
710,"Young, Willie",CHI,LB,0.0,0.0,0.0,0.0,0.0,0.0,0.0,0.0,0.0,21.9,36.4
711,"Agholor, Nelson",PHI,WR,0.0,0.0,11.1,0.0,29.4,281.8,1.0,0.0,0.0,0.0,36.3
712,"Jones, Colin",CAR,DB,0.0,0.0,0.0,0.0,0.0,0.0,0.0,0.0,0.0,25.3,36.3
713,"Meder, Jamie",CLE,DL,0.0,0.0,0.0,0.0,0.0,0.0,0.0,0.0,0.0,24.9,36.1
714,"Blanton, Robert",DAL,DB,0.0,0.0,0.0,0.0,0.0,0.0,0.0,0.0,0.0,30.0,36.1
715,"Lynch, Paxton",DEN,QB,614.0,3.5,-19.0,0.0,0.0,0.0,0.0,0.0,0.0,0.0,35.9
716,"House, Davon",GBP,DB,0.0,0.0,0.0,0.0,0.0,0.0,0.0,0.0,0.0,26.8,35.7
717,"Kendricks, Mychal",PHI,LB,0.0,0.0,0.0,0.0,0.0,0.0,0.0,0.0,0.0,27.2,35.7
718,"Harris, Charles",MIA,DL,0.0,0.0,0.0,0.0,0.0,0.0,0.0,0.0,0.0,29.1,35.3
719,"McDaniel, Tony",NOR,DL,0.0,0.0,0.0,0.0,0.0,0.0,0.0,0.0,0.0,24.5,35.3
720,"Floyd, Michael",MIN,WR,0.0,0.0,-0.6,0.0,15.8,188.5,2.7,0.0,0.0,0.0,34.9
721,"Hali, Tamba",KCC,LB,0.0,0.0,0.0,0.0,0.0,0.0,0.0,0.0,0.0,24.8,34.7
722,"Poe, Dontari",ATL,DL,0.0,0.0,0.0,0.0,0.0,0.0,0.0,0.0,0.0,22.4,34.4
723,"Wilhoite, Michael",SEA,LB,0.0,0.0,0.0,0.0,0.0,0.0,0.0,0.0,0.0,26.2,34.1
724,"Kindred, Derrick",CLE,DB,0.0,0.0,0.0,0.0,0.0,0.0,0.0,0.0,0.0,24.1,34.0
725,"Wilson, Damien",DAL,LB,0.0,0.0,0.0,0.0,0.0,0.0,0.0,0.0,0.0,25.3,33.7
726,"Butler, Brice",DAL,WR,0.0,0.0,7.0,0.0,15.1,227.8,1.7,0.0,0.0,0.0,33.6
727,"Gunter, Rodney",ARZ,DL,0.0,0.0,0.0,0.0,0.0,0.0,0.0,0.0,0.0,25.7,33.6
728,"Walters, Bryan",FA,WR,0.0,0.0,1.0,0.0,21.8,202.5,2.2,0.0,0.0,0.0,33.5
729,"Williams, Jamaal",GBP,RB,0.0,0.0,162.4,1.1,13.0,112.6,0.0,0.0,0.0,0.0,33.4
730,"Moreau, Fabian",WAS,DB,0.0,0.0,0.0,0.0,0.0,0.0,0.0,0.0,0.0,24.7,33.4
731,"Jones, Chris",KCC,DL,0.0,0.0,0.0,0.0,0.0,0.0,0.0,0.0,0.0,22.0,33.4
732,"Smith, Sean",OAK,DB,0.0,0.0,0.0,0.0,0.0,0.0,0.0,0.0,0.0,21.8,33.2
733,"Ellington, Andre",ARZ,RB,0.0,0.0,173.2,0.6,15.0,124.4,0.0,0.0,0.0,0.0,33.2
734,"Worrilow, Paul",DET,LB,0.0,0.0,0.0,0.0,0.0,0.0,0.0,0.0,0.0,24.0,33.1
735,"McDonald, Clinton",TBB,DL,0.0,0.0,0.0,0.0,0.0,0.0,0.0,0.0,0.0,23.0,33.1
736,"Longacre, Matt",LAR,DL,0.0,0.0,0.0,0.0,0.0,0.0,0.0,0.0,0.0,25.7,33.0
737,"Washington, Adolphus",BUF,DL,0.0,0.0,0.0,0.0,0.0,0.0,0.0,0.0,0.0,21.5,32.3
738,"Robinson, Aldrick",SFO,WR,0.0,0.0,0.0,0.0,17.4,250.8,1.3,0.0,0.0,0.0,32.3
739,"Moore, Matt",MIA,QB,930.3,2.6,5.3,0.0,0.0,0.0,0.0,0.0,0.0,0.0,32.2
740,"Robinson, A'Shawn",DET,DL,0.0,0.0,0.0,0.0,0.0,0.0,0.0,0.0,0.0,19.2,32.1
741,"Hayden, D.J.",DET,DB,0.0,0.0,0.0,0.0,0.0,0.0,0.0,0.0,0.0,25.9,31.7
742,"Seymour, Kevon",BUF,DB,0.0,0.0,0.0,0.0,0.0,0.0,0.0,0.0,0.0,22.7,31.2
743,"Toussaint, Fitzgerald",PIT,RB,0.0,0.0,157.0,1.2,7.7,59.9,0.6,0.0,0.0,0.0,31.1
744,"McClellin, Shea",NEP,LB,0.0,0.0,0.0,0.0,0.0,0.0,0.0,0.0,0.0,17.4,31.0
745,"Nassib, Carl",CLE,DL,0.0,0.0,0.0,0.0,0.0,0.0,0.0,0.0,0.0,19.0,31.0
746,"Bridgewater, Teddy",MIN,QB,594.1,1.8,19.9,0.1,0.0,0.0,0.0,0.0,0.0,0.0,31.0
747,"Nunez-Roches, Rakeem",KCC,DL,0.0,0.0,0.0,0.0,0.0,0.0,0.0,0.0,0.0,19.6,30.9
748,"Collins, Alex",SEA,RB,0.0,0.0,157.1,0.9,15.1,113.3,0.0,0.0,0.0,0.0,30.9
749,"Attaochu, Jeremiah",LAC,DL,0.0,0.0,0.0,0.0,0.0,0.0,0.0,0.0,0.0,23.6,30.7
750,"Clark, Kenny",GBP,DL,0.0,0.0,0.0,0.0,0.0,0.0,0.0,0.0,0.0,20.9,30.7
751,"Rodgers, Richard",GBP,TE,0.0,0.0,0.0,0.0,20.2,183.9,2.0,0.0,0.0,0.0,30.7
752,"Smith, Torrey",PHI,WR,0.0,0.0,4.8,0.0,22.1,217.9,1.2,0.0,0.0,0.0,30.5
753,"Washington, Cornelius",DET,DL,0.0,0.0,0.0,0.0,0.0,0.0,0.0,0.0,0.0,21.8,30.5
754,"Logan, Bennie",KCC,DL,0.0,0.0,0.0,0.0,0.0,0.0,0.0,0.0,0.0,20.1,30.1
755,"Jackson, William",CIN,DB,0.0,0.0,0.0,0.0,0.0,0.0,0.0,0.0,0.0,17.0,29.6
756,"Celek, Brent",PHI,TE,0.0,0.0,0.0,0.0,18.8,219.4,1.3,0.0,0.0,0.0,29.5
757,"Mebane, Brandon",LAC,DL,0.0,0.0,0.0,0.0,0.0,0.0,0.0,0.0,0.0,22.0,29.5
758,"Holmes, Andre",BUF,WR,0.0,0.0,5.3,0.0,18.9,189.6,1.7,0.0,0.0,0.0,29.5
759,"Royal, Eddie",FA,WR,0.0,0.0,0.0,0.0,27.5,240.6,0.9,0.0,0.0,0.0,29.5
760,"Ihedigbo, James",FA,DB,0.0,0.0,0.0,0.0,0.0,0.0,0.0,0.0,0.0,22.0,29.4
761,"Foles, Nick",PHI,QB,747.2,1.9,3.9,0.0,0.0,0.0,0.0,0.0,0.0,0.0,29.3
762,"Dial, Quinton",SFO,DL,0.0,0.0,0.0,0.0,0.0,0.0,0.0,0.0,0.0,21.0,29.2
763,"McCarron, AJ",CIN,QB,524.2,3.5,11.7,0.0,0.0,0.0,0.0,0.0,0.0,0.0,29.0
764,"Allen, Beau",PHI,DL,0.0,0.0,0.0,0.0,0.0,0.0,0.0,0.0,0.0,21.3,28.8
765,"Peake, Charone",NYJ,WR,0.0,0.0,1.8,0.0,25.9,289.1,0.0,0.0,0.0,0.0,28.7
766,"Hageman, Ra'Shede",ATL,DL,0.0,0.0,0.0,0.0,0.0,0.0,0.0,0.0,0.0,17.9,28.6
767,"Beckwith, Kendell",TBB,LB,0.0,0.0,0.0,0.0,0.0,0.0,0.0,0.0,0.0,21.4,28.6
768,"DeValve, Seth",CLE,TE,0.0,0.0,0.0,0.0,12.6,152.1,2.2,0.0,0.0,0.0,28.5
769,"Willson, Luke",SEA,TE,0.0,0.0,0.0,0.0,19.7,193.4,1.5,0.0,0.0,0.0,28.5
770,"Morris, Alfred",DAL,RB,0.0,0.0,181.8,1.4,5.7,20.4,0.0,0.0,0.0,0.0,28.4
771,"Hunt, Margus",IND,DL,0.0,0.0,0.0,0.0,0.0,0.0,0.0,0.0,0.0,16.4,28.3
772,"Thompson, Deonte",CHI,WR,0.0,0.0,0.0,0.0,14.7,191.9,1.8,0.0,0.0,0.0,28.3
773,"Sims, Dion",CHI,TE,0.0,0.0,0.0,0.0,17.1,162.6,2.0,0.0,0.0,0.0,28.2
774,"Bellamy, Josh",CHI,WR,0.0,0.0,20.5,0.0,14.5,199.3,1.0,0.0,0.0,0.0,28.0
775,"Peko, Domata",DEN,DL,0.0,0.0,0.0,0.0,0.0,0.0,0.0,0.0,0.0,16.2,27.8
776,"Weatherspoon, Sean",FA,LB,0.0,0.0,0.0,0.0,0.0,0.0,0.0,0.0,0.0,24.1,27.7
777,"Toilolo, Levine",ATL,TE,0.0,0.0,0.0,0.0,12.9,199.3,1.3,0.0,0.0,0.0,27.7
778,"Mauga, Josh",KCC,LB,0.0,0.0,0.0,0.0,0.0,0.0,0.0,0.0,0.0,18.8,27.7
779,"Willis, Jordan",CIN,DL,0.0,0.0,0.0,0.0,0.0,0.0,0.0,0.0,0.0,15.7,27.7
780,"Peters, Corey",ARZ,DL,0.0,0.0,0.0,0.0,0.0,0.0,0.0,0.0,0.0,18.0,27.6
781,"Crawford, Tyrone",DAL,DL,0.0,0.0,0.0,0.0,0.0,0.0,0.0,0.0,0.0,17.5,27.5
782,"Goldman, Eddie",CHI,DL,0.0,0.0,0.0,0.0,0.0,0.0,0.0,0.0,0.0,18.8,27.5
783,"Hawkins, Andrew",NEP,WR,0.0,0.0,0.0,0.0,22.7,232.7,0.7,0.0,0.0,0.0,27.4
784,"Carey, Ka'Deem",CHI,RB,0.0,0.0,168.9,0.3,6.8,71.5,0.3,0.0,0.0,0.0,27.4
785,"Robinson, Josh",TBB,DB,0.0,0.0,0.0,0.0,0.0,0.0,0.0,0.0,0.0,20.7,27.4
786,"Brown, Jayon",TEN,LB,0.0,0.0,0.0,0.0,0.0,0.0,0.0,0.0,0.0,16.6,27.3
787,"Unrein, Mitch",CHI,DL,0.0,0.0,0.0,0.0,0.0,0.0,0.0,0.0,0.0,19.3,27.2
788,"Taylor, Jordan",DEN,WR,0.0,0.0,0.0,0.0,18.7,188.0,1.7,0.0,0.0,0.0,27.2
789,"Fowler, Bennie",DEN,WR,0.0,0.0,0.6,0.0,15.3,183.8,1.2,0.0,0.0,0.0,27.1
790,"Sims, Pat",CIN,DL,0.0,0.0,0.0,0.0,0.0,0.0,0.0,0.0,0.0,14.0,26.6
791,"Ngata, Haloti",DET,DL,0.0,0.0,0.0,0.0,0.0,0.0,0.0,0.0,0.0,16.6,26.4
792,"Lamur, Emmanuel",MIN,LB,0.0,0.0,0.0,0.0,0.0,0.0,0.0,0.0,0.0,18.5,26.3
793,"Matakevich, Tyler",PIT,LB,0.0,0.0,0.0,0.0,0.0,0.0,0.0,0.0,0.0,14.7,26.3
794,"Webster, Kayvon",LAR,DB,0.0,0.0,0.0,0.0,0.0,0.0,0.0,0.0,0.0,18.3,26.2
795,"Drake, Kenyan",MIA,RB,0.0,0.0,152.6,1.3,7.6,38.1,0.0,0.0,0.0,0.0,26.2
796,"Canady, Maurice",BAL,DB,0.0,0.0,0.0,0.0,0.0,0.0,0.0,0.0,0.0,17.5,26.2
797,"Armstrong, Ray-Ray",SFO,LB,0.0,0.0,0.0,0.0,0.0,0.0,0.0,0.0,0.0,21.3,26.2
798,"Douglas, Harry",TEN,WR,0.0,0.0,0.0,0.0,17.4,264.9,0.0,0.0,0.0,0.0,26.2
799,"King, Tavarres",NYG,WR,0.0,0.0,0.0,0.0,7.2,144.2,1.9,0.0,0.0,0.0,26.1
800,"Bowser, Tyus",BAL,LB,0.0,0.0,0.0,0.0,0.0,0.0,0.0,0.0,0.0,15.3,26.0
801,"Palmer, Nate",TEN,LB,0.0,0.0,0.0,0.0,0.0,0.0,0.0,0.0,0.0,18.7,26.0
802,"Brooks, Ron",PHI,DB,0.0,0.0,0.0,0.0,0.0,0.0,0.0,0.0,0.0,16.1,26.0
803,"Ellis, Justin",OAK,DL,0.0,0.0,0.0,0.0,0.0,0.0,0.0,0.0,0.0,20.3,26.0
804,"Tamme, Jacob",FA,TE,0.0,0.0,0.0,0.0,16.2,174.6,1.4,0.0,0.0,0.0,25.7
805,"Miller, Braxton",HOU,WR,0.0,0.0,1.0,0.0,28.2,225.5,0.5,0.0,0.0,0.0,25.6
806,"Johnson, Leonard",BUF,DB,0.0,0.0,0.0,0.0,0.0,0.0,0.0,0.0,0.0,20.5,25.6
807,"Kupp, Cooper",LAR,WR,0.0,0.0,31.7,0.0,25.5,231.3,0.0,0.0,0.0,0.0,25.5
808,"Brown, Jaron",ARZ,WR,0.0,0.0,0.0,0.0,15.2,231.1,0.7,0.0,0.0,0.0,25.5
809,"Perine, Samaje",WAS,RB,0.0,0.0,222.1,0.0,4.0,43.4,0.0,0.0,0.0,0.0,25.5
810,"Shepard, Russell",CAR,WR,0.0,0.0,3.5,0.0,14.5,218.5,0.6,0.0,0.0,0.0,25.4
811,"McKinley, Takkarist",ATL,DL,0.0,0.0,0.0,0.0,0.0,0.0,0.0,0.0,0.0,17.9,25.3
812,"Allen, Antonio",FA,DB,0.0,0.0,0.0,0.0,0.0,0.0,0.0,0.0,0.0,18.9,25.3
813,"Supernaw, Phillip",TEN,TE,0.0,0.0,0.0,0.0,13.5,161.9,1.5,0.0,0.0,0.0,25.2
814,"Williams, DeAngelo",FA,RB,0.0,0.0,150.0,1.3,4.0,20.0,0.0,0.0,0.0,0.0,24.8
815,"Thomas, J.T.",NYG,LB,0.0,0.0,0.0,0.0,0.0,0.0,0.0,0.0,0.0,15.6,24.5
816,"Armstead, Arik",SFO,DL,0.0,0.0,0.0,0.0,0.0,0.0,0.0,0.0,0.0,17.7,24.4
817,"Patterson, Cordarrelle",OAK,WR,0.0,0.0,18.6,0.0,23.7,224.6,0.0,0.0,0.0,0.0,24.3
818,"Rivers, Derek",NEP,DL,0.0,0.0,0.0,0.0,0.0,0.0,0.0,0.0,0.0,13.7,24.3
819,"Stuckey, Darrell",LAC,DB,0.0,0.0,0.0,0.0,0.0,0.0,0.0,0.0,0.0,16.2,24.3
820,"Jones, DaQuan",TEN,DL,0.0,0.0,0.0,0.0,0.0,0.0,0.0,0.0,0.0,17.3,24.2
821,"Ward, Jihad",OAK,DL,0.0,0.0,0.0,0.0,0.0,0.0,0.0,0.0,0.0,20.2,24.1
822,"Thornton, Cedric",DAL,DL,0.0,0.0,0.0,0.0,0.0,0.0,0.0,0.0,0.0,12.3,23.9
823,"Hood, Evander",WAS,DL,0.0,0.0,0.0,0.0,0.0,0.0,0.0,0.0,0.0,13.1,23.9
824,"McLendon, Steve",NYJ,DL,0.0,0.0,0.0,0.0,0.0,0.0,0.0,0.0,0.0,14.8,23.8
825,"Bryant, Desmond",CLE,DL,0.0,0.0,0.0,0.0,0.0,0.0,0.0,0.0,0.0,15.6,23.7
826,"Barber, Peyton",TBB,RB,0.0,0.0,177.1,0.3,6.4,36.6,0.0,0.0,0.0,0.0,23.5
827,"Watt, T.J.",PIT,LB,0.0,0.0,0.0,0.0,0.0,0.0,0.0,0.0,0.0,13.9,23.4
828,"Hargrave, Javon",PIT,DL,0.0,0.0,0.0,0.0,0.0,0.0,0.0,0.0,0.0,16.0,23.4
829,"Cassel, Matt",TEN,QB,462.3,2.8,14.2,0.7,0.0,0.0,0.0,0.0,0.0,0.0,23.3
830,"Dunbar, Lance",LAR,RB,0.0,0.0,64.2,0.6,17.3,132.0,0.0,0.0,0.0,0.0,23.1
831,"Uzomah, C.J.",CIN,TE,0.0,0.0,0.0,0.0,20.7,193.6,0.6,0.0,0.0,0.0,23.1
832,"Streater, Rod",BUF,WR,0.0,0.0,0.0,0.0,12.8,133.3,1.6,0.0,0.0,0.0,22.9
833,"Collins, Maliek",DAL,DL,0.0,0.0,0.0,0.0,0.0,0.0,0.0,0.0,0.0,14.1,22.9
834,"Rivera, Mychal",JAC,TE,0.0,0.0,0.0,0.0,23.6,226.1,0.0,0.0,0.0,0.0,22.7
835,"Lotulelei, Star",CAR,DL,0.0,0.0,0.0,0.0,0.0,0.0,0.0,0.0,0.0,13.5,22.7
836,"Riley, Duke",ATL,LB,0.0,0.0,0.0,0.0,0.0,0.0,0.0,0.0,0.0,15.7,22.6
837,"Gallman, Wayne",NYG,RB,0.0,0.0,166.0,0.0,6.5,59.8,0.0,0.0,0.0,0.0,22.6
838,"Covington, Christian",HOU,DL,0.0,0.0,0.0,0.0,0.0,0.0,0.0,0.0,0.0,16.3,22.5
839,"Dodd, Kevin",TEN,LB,0.0,0.0,0.0,0.0,0.0,0.0,0.0,0.0,0.0,15.3,22.4
840,"Walker, Anthony",IND,LB,0.0,0.0,0.0,0.0,0.0,0.0,0.0,0.0,0.0,14.7,22.1
841,"Mauldin, Lorenzo",NYJ,LB,0.0,0.0,0.0,0.0,0.0,0.0,0.0,0.0,0.0,11.3,21.9
842,"Tapp, Darryl",NOR,DL,0.0,0.0,0.0,0.0,0.0,0.0,0.0,0.0,0.0,16.4,21.9
843,"Alexander, D.J.",KCC,LB,0.0,0.0,0.0,0.0,0.0,0.0,0.0,0.0,0.0,14.3,21.6
844,"Hunt, Akeem",HOU,RB,0.0,0.0,142.3,0.0,9.9,73.7,0.0,0.0,0.0,0.0,21.6
845,"Perry, Joshua",LAC,LB,0.0,0.0,0.0,0.0,0.0,0.0,0.0,0.0,0.0,15.9,21.5
846,"Hunter, Justin",PIT,WR,0.0,0.0,0.0,0.0,4.8,96.4,2.0,0.0,0.0,0.0,21.5
847,"Tomlinson, Dalvin",NYG,DL,0.0,0.0,0.0,0.0,0.0,0.0,0.0,0.0,0.0,15.2,21.5
848,"Brown, Philly",BUF,WR,0.0,0.0,6.8,0.0,20.5,219.0,0.0,0.0,0.0,0.0,21.5
849,"Galette, Junior",WAS,LB,0.0,0.0,0.0,0.0,0.0,0.0,0.0,0.0,0.0,13.8,21.4
850,"Floyd, Sharrif",MIN,DL,0.0,0.0,0.0,0.0,0.0,0.0,0.0,0.0,0.0,13.5,21.2
851,"Huff, Josh",TBB,WR,0.0,0.0,9.3,0.0,18.8,185.6,0.3,0.0,0.0,0.0,21.1
852,"Aiken, Kamar",IND,WR,0.0,0.0,0.0,0.0,17.7,205.3,0.1,0.0,0.0,0.0,21.1
853,"Spence, Noah",TBB,DL,0.0,0.0,0.0,0.0,0.0,0.0,0.0,0.0,0.0,11.9,20.9
854,"McFadden, Leon",DAL,DB,0.0,0.0,0.0,0.0,0.0,0.0,0.0,0.0,0.0,14.6,20.7
855,"Kikaha,  Hau'oli",NOR,DL,0.0,0.0,0.0,0.0,0.0,0.0,0.0,0.0,0.0,12.3,20.7
856,"Ward, Terron",ATL,RB,0.0,0.0,168.9,0.0,5.7,35.7,0.0,0.0,0.0,0.0,20.5
857,"Derby, A.J.",DEN,TE,0.0,0.0,0.0,0.0,23.1,241.6,0.0,0.0,0.0,0.0,20.4
858,"Bibbs, Kapri",SFO,RB,0.0,0.0,165.5,0.0,1.5,23.3,0.2,0.0,0.0,0.0,20.4
859,"Peters, Brian",HOU,LB,0.0,0.0,0.0,0.0,0.0,0.0,0.0,0.0,0.0,13.2,20.3
860,"Janis, Jeff",GBP,WR,0.0,0.0,19.0,0.9,8.9,85.2,0.8,0.0,0.0,0.0,20.3
861,"Jernigan, Timmy",PHI,DL,0.0,0.0,0.0,0.0,0.0,0.0,0.0,0.0,0.0,11.0,20.2
862,"Klug, Karl",TEN,DL,0.0,0.0,0.0,0.0,0.0,0.0,0.0,0.0,0.0,12.3,20.1
863,"Henry, Willie",BAL,DL,0.0,0.0,0.0,0.0,0.0,0.0,0.0,0.0,0.0,11.9,19.7
864,"Rucker, Frostee",ARZ,DL,0.0,0.0,0.0,0.0,0.0,0.0,0.0,0.0,0.0,9.5,19.6
865,"Campanaro, Michael",BAL,WR,0.0,0.0,26.2,0.2,15.6,157.1,0.0,0.0,0.0,0.0,19.4
866,"Hill, Josh",NOR,TE,0.0,0.0,0.0,0.0,14.3,122.6,1.2,0.0,0.0,0.0,19.4
867,"Patton, Quinton",FA,WR,0.0,0.0,0.0,0.0,18.6,192.9,0.0,0.0,0.0,0.0,19.3
868,"Reader, D.J.",HOU,DL,0.0,0.0,0.0,0.0,0.0,0.0,0.0,0.0,0.0,10.4,19.3
869,"Clayborn, Adrian",ATL,DL,0.0,0.0,0.0,0.0,0.0,0.0,0.0,0.0,0.0,14.0,19.2
870,"Okafor, Alex",NOR,LB,0.0,0.0,0.0,0.0,0.0,0.0,0.0,0.0,0.0,11.2,19.2
871,"Square, Damion",LAC,DL,0.0,0.0,0.0,0.0,0.0,0.0,0.0,0.0,0.0,14.0,19.2
872,"Darkwa, Orleans",NYG,RB,0.0,0.0,88.9,0.8,4.7,56.2,0.0,0.0,0.0,0.0,19.1
873,"Harris, Demetrius",KCC,TE,0.0,0.0,0.0,0.0,12.6,97.9,1.2,0.0,0.0,0.0,18.5
874,"Williams, Sylvester",TEN,DL,0.0,0.0,0.0,0.0,0.0,0.0,0.0,0.0,0.0,13.6,18.4
875,"Mayowa, Benson",DAL,DL,0.0,0.0,0.0,0.0,0.0,0.0,0.0,0.0,0.0,10.9,18.3
876,"Lawson, Carl",CIN,LB,0.0,0.0,0.0,0.0,0.0,0.0,0.0,0.0,0.0,9.8,18.1
877,"Williams, Nick",ATL,WR,0.0,0.0,0.0,0.0,10.2,102.9,1.3,0.0,0.0,0.0,18.1
878,"Cook, Connor",OAK,QB,426.8,2.5,3.7,0.0,0.0,0.0,0.0,0.0,0.0,0.0,17.9
879,"Maggitt, Curt",FA,LB,0.0,0.0,0.0,0.0,0.0,0.0,0.0,0.0,0.0,11.4,17.7
880,"Dickson, Ed",CAR,TE,0.0,0.0,0.0,0.0,10.1,113.9,1.0,0.0,0.0,0.0,17.6
881,"Reynolds, LaRoy",ATL,LB,0.0,0.0,0.0,0.0,0.0,0.0,0.0,0.0,0.0,12.8,17.6
882,"Williams, Maxx",BAL,TE,0.0,0.0,0.0,0.0,16.8,139.8,0.6,0.0,0.0,0.0,17.5
883,"Bennett, Michael",JAC,DL,0.0,0.0,0.0,0.0,0.0,0.0,0.0,0.0,0.0,11.3,17.1
884,"Powell, Walter",BUF,WR,0.0,0.0,0.0,0.0,12.8,170.4,0.0,0.0,0.0,0.0,17.0
885,"Strong, Jaelen",HOU,WR,0.0,0.0,0.0,0.0,15.0,141.4,0.5,0.0,0.0,0.0,17.0
886,"Burton, Trey",PHI,TE,0.0,0.0,0.0,0.0,20.2,169.5,0.0,0.0,0.0,0.0,17.0
887,"Mitchell, Earl",SFO,DL,0.0,0.0,0.0,0.0,0.0,0.0,0.0,0.0,0.0,10.7,16.8
888,"Grimble, Xavier",PIT,TE,0.0,0.0,0.0,0.0,11.2,111.3,0.9,0.0,0.0,0.0,16.5
889,"Johnson, George",TBB,DL,0.0,0.0,0.0,0.0,0.0,0.0,0.0,0.0,0.0,11.3,16.4
890,"Klein, A.J.",NOR,LB,0.0,0.0,0.0,0.0,0.0,0.0,0.0,0.0,0.0,10.6,16.3
891,"Billingsley, Jace",DET,WR,0.0,0.0,0.0,0.0,11.9,162.5,0.0,0.0,0.0,0.0,16.2
892,"Adams, Jerell",NYG,TE,0.0,0.0,0.0,0.0,17.2,118.1,0.7,0.0,0.0,0.0,16.2
893,"Farrow, Kenneth",LAC,RB,0.0,0.0,138.7,0.0,7.1,45.1,0.0,0.0,0.0,0.0,16.1
894,"Sutton, Will",MIN,DL,0.0,0.0,0.0,0.0,0.0,0.0,0.0,0.0,0.0,8.6,15.8
895,"Core, Cody",CIN,WR,0.0,0.0,0.0,0.0,15.9,157.8,0.0,0.0,0.0,0.0,15.8
896,"Shelby, Derrick",ATL,DL,0.0,0.0,0.0,0.0,0.0,0.0,0.0,0.0,0.0,9.4,15.7
897,"Anderson, Henry",IND,DL,0.0,0.0,0.0,0.0,0.0,0.0,0.0,0.0,0.0,9.3,15.7
898,"Davison, Tyeler",NOR,DL,0.0,0.0,0.0,0.0,0.0,0.0,0.0,0.0,0.0,8.4,15.7
899,"Gilberry, Wallace",CIN,DL,0.0,0.0,0.0,0.0,0.0,0.0,0.0,0.0,0.0,10.5,15.6
900,"Jean-Francois, Ricky",GBP,DL,0.0,0.0,0.0,0.0,0.0,0.0,0.0,0.0,0.0,9.4,15.6
901,"Koyack, Ben",JAC,TE,0.0,0.0,0.0,0.0,15.8,147.0,0.1,0.0,0.0,0.0,15.6
902,"Ringo, Christian",GBP,DL,0.0,0.0,0.0,0.0,0.0,0.0,0.0,0.0,0.0,10.6,15.5
903,"Barner, Kenjon",LAC,RB,0.0,0.0,72.1,1.1,4.8,13.8,0.0,0.0,0.0,0.0,15.4
904,"Jenkins, Jarvis",KCC,DL,0.0,0.0,0.0,0.0,0.0,0.0,0.0,0.0,0.0,11.3,15.3
905,"Rogers, Chester",IND,WR,0.0,0.0,0.0,0.0,10.7,151.4,0.0,0.0,0.0,0.0,15.1
906,"Hansen, Chad",NYJ,WR,0.0,0.0,0.0,0.0,13.9,162.7,0.0,0.0,0.0,0.0,15.0
907,"Walker, DeMarcus",DEN,DL,0.0,0.0,0.0,0.0,0.0,0.0,0.0,0.0,0.0,7.2,15.0
908,"Coyle, Brock",SFO,LB,0.0,0.0,0.0,0.0,0.0,0.0,0.0,0.0,0.0,10.9,14.8
909,"McEvoy, Tanner",SEA,WR,0.0,0.0,0.0,0.0,4.9,82.3,1.1,0.0,0.0,0.0,14.7
910,"Bersin, Brenton",CAR,WR,0.0,0.0,1.7,0.0,16.2,170.7,0.0,0.0,0.0,0.0,14.7
911,"McGill, Keith",OAK,DB,0.0,0.0,0.0,0.0,0.0,0.0,0.0,0.0,0.0,10.7,14.6
912,"Powell, Tyvis",IND,DB,0.0,0.0,0.0,0.0,0.0,0.0,0.0,0.0,0.0,12.8,14.6
913,"Cooper, Xavier",CLE,DL,0.0,0.0,0.0,0.0,0.0,0.0,0.0,0.0,0.0,9.1,14.6
914,"Davis, Mike",SEA,RB,0.0,0.0,82.2,0.3,5.8,45.3,0.0,0.0,0.0,0.0,14.5
915,"Herndon, Javontee",LAC,WR,0.0,0.0,8.2,0.0,22.8,174.9,0.0,0.0,0.0,0.0,14.4
916,"McGee, Stacy",WAS,DL,0.0,0.0,0.0,0.0,0.0,0.0,0.0,0.0,0.0,10.6,14.2
917,"Gwacham, Obum",NOR,DL,0.0,0.0,0.0,0.0,0.0,0.0,0.0,0.0,0.0,8.2,14.1
918,"Fasano, Anthony",MIA,TE,0.0,0.0,0.0,0.0,10.0,104.0,0.6,0.0,0.0,0.0,14.0
919,"Thomas, Shamarko",NYJ,DB,0.0,0.0,0.0,0.0,0.0,0.0,0.0,0.0,0.0,9.7,14.0
920,"Stinson, Ed",ARZ,DL,0.0,0.0,0.0,0.0,0.0,0.0,0.0,0.0,0.0,11.1,13.9
921,"Everett, Gerald",LAR,TE,0.0,0.0,0.0,0.0,16.4,136.0,0.0,0.0,0.0,0.0,13.8
922,"Williams, Andre",LAC,RB,0.0,0.0,130.0,0.0,1.0,6.9,0.0,0.0,0.0,0.0,13.7
923,"Hill, Brian",ATL,RB,0.0,0.0,107.2,0.0,3.8,38.4,0.0,0.0,0.0,0.0,13.7
924,"Lewis, Roger",NYG,WR,0.0,0.0,0.0,0.0,6.7,81.0,0.9,0.0,0.0,0.0,13.6
925,"Boykin, Trevone",SEA,QB,265.4,1.1,6.7,0.0,0.0,0.0,0.0,0.0,0.0,0.0,13.6
926,"Walton, Leterrius",PIT,DL,0.0,0.0,0.0,0.0,0.0,0.0,0.0,0.0,0.0,9.0,13.6
927,"Foreman, D'Onta",HOU,RB,0.0,0.0,111.0,0.0,5.5,24.9,0.0,0.0,0.0,0.0,13.6
928,"Grant, Ryan",WAS,WR,0.0,0.0,0.0,0.0,10.1,95.7,0.6,0.0,0.0,0.0,13.4
929,"Kroft, Tyler",CIN,TE,0.0,0.0,0.0,0.0,11.9,126.9,0.1,0.0,0.0,0.0,13.4
930,"Godwin, Chris",TBB,WR,0.0,0.0,0.2,0.0,9.3,107.2,0.4,0.0,0.0,0.0,13.2
931,"Heuerman, Jeff",DEN,TE,0.0,0.0,0.0,0.0,7.8,129.8,0.0,0.0,0.0,0.0,13.1
932,"Anderson, Stephen",HOU,TE,0.0,0.0,0.0,0.0,9.6,84.1,0.8,0.0,0.0,0.0,13.1
933,"Skov, Shayne",FA,LB,0.0,0.0,0.0,0.0,0.0,0.0,0.0,0.0,0.0,10.0,13.0
934,"Johnson, Steven",PIT,LB,0.0,0.0,0.0,0.0,0.0,0.0,0.0,0.0,0.0,6.9,12.9
935,"Reddick, Haason",ARZ,LB,0.0,0.0,0.0,0.0,0.0,0.0,0.0,0.0,0.0,9.3,12.8
936,"Bryant, Corbin",NYG,DL,0.0,0.0,0.0,0.0,0.0,0.0,0.0,0.0,0.0,8.5,12.8
937,"Wormley, Chris",BAL,DL,0.0,0.0,0.0,0.0,0.0,0.0,0.0,0.0,0.0,7.4,12.7
938,"Hoomanawanui, Michael",NOR,TE,0.0,0.0,0.0,0.0,3.8,34.5,1.5,0.0,0.0,0.0,12.7
939,"Walker, Joe",PHI,LB,0.0,0.0,0.0,0.0,0.0,0.0,0.0,0.0,0.0,9.2,12.5
940,"Lattimore, Jamari",BUF,LB,0.0,0.0,0.0,0.0,0.0,0.0,0.0,0.0,0.0,7.0,12.3
941,"Thomas, De'Anthony",KCC,WR,0.0,0.0,31.4,0.4,9.7,61.0,0.0,0.0,0.0,0.0,11.9
942,"Martino, Freddie",TBB,WR,0.0,0.0,0.0,0.0,6.5,105.3,0.2,0.0,0.0,0.0,11.9
943,"Bailey, Allen",KCC,DL,0.0,0.0,0.0,0.0,0.0,0.0,0.0,0.0,0.0,9.0,11.7
944,"Salas, Greg",FA,WR,0.0,0.0,0.0,0.0,6.0,94.6,0.4,0.0,0.0,0.0,11.6
945,"Latimer, Cody",DEN,WR,0.0,0.0,0.0,0.0,11.4,115.7,0.0,0.0,0.0,0.0,11.5
946,"Boyle, Nick",BAL,TE,0.0,0.0,0.0,0.0,15.5,114.4,0.0,0.0,0.0,0.0,11.4
947,"Fells, Darren",DET,TE,0.0,0.0,0.0,0.0,8.3,87.8,0.4,0.0,0.0,0.0,11.4
948,"Robinson, Demarcus",KCC,WR,0.0,0.0,-0.0,0.0,12.5,113.8,0.0,0.0,0.0,0.0,11.4
949,"Martin, Keshawn",DET,WR,0.0,0.0,0.0,0.0,8.5,82.0,0.8,0.0,0.0,0.0,11.2
950,"Grant, Corey",JAC,RB,0.0,0.0,82.7,0.2,3.4,18.0,0.0,0.0,0.0,0.0,11.1
951,"Treadwell, Laquon",MIN,WR,0.0,0.0,8.3,0.0,11.0,102.4,0.0,0.0,0.0,0.0,11.1
952,"Ridgeway, Hassan",IND,DL,0.0,0.0,0.0,0.0,0.0,0.0,0.0,0.0,0.0,6.0,11.0
953,"O'Leary, Nick",BUF,TE,0.0,0.0,0.0,0.0,6.7,91.9,0.0,0.0,0.0,0.0,10.8
954,"Turner, Paul",PHI,WR,0.0,0.0,0.0,0.0,7.3,107.4,0.0,0.0,0.0,0.0,10.7
955,"Smith, Jaylon",DAL,LB,0.0,0.0,0.0,0.0,0.0,0.0,0.0,0.0,0.0,9.0,10.5
956,"Williams, Joe",SFO,RB,0.0,0.0,59.4,0.0,5.8,45.7,0.0,0.0,0.0,0.0,10.4
957,"Anzalone, Alex",NOR,LB,0.0,0.0,0.0,0.0,0.0,0.0,0.0,0.0,0.0,6.0,10.4
958,"Thomas, Robert",NYG,DL,0.0,0.0,0.0,0.0,0.0,0.0,0.0,0.0,0.0,6.8,10.4
959,"Cooper, Pharoh",LAR,WR,0.0,0.0,0.0,0.0,13.7,103.9,0.0,0.0,0.0,0.0,10.4
960,"Jones, T.J.",DET,WR,0.0,0.0,-0.1,0.0,6.7,103.2,0.0,0.0,0.0,0.0,10.2
961,"Tate, Brandon",BUF,WR,0.0,0.0,9.1,0.0,6.5,91.4,0.0,0.0,0.0,0.0,10.0
962,"Higgins, Rashard",CLE,WR,0.0,0.0,0.0,0.0,8.1,98.9,0.0,0.0,0.0,0.0,9.9
963,"Cunningham, Benny",CHI,RB,0.0,0.0,56.7,0.0,7.1,42.2,0.0,0.0,0.0,0.0,9.9
964,"McCullers, Daniel",PIT,DL,0.0,0.0,0.0,0.0,0.0,0.0,0.0,0.0,0.0,5.8,9.8
965,"Roberts, Andre",ATL,WR,0.0,0.0,0.0,0.0,8.4,105.6,0.0,0.0,0.0,0.0,9.4
966,"Smith, Lee",OAK,TE,0.0,0.0,0.0,0.0,8.1,58.3,0.6,0.0,0.0,0.0,9.4
967,"Williams, Wendell",HOU,WR,0.0,0.0,0.0,0.0,7.6,93.2,0.0,0.0,0.0,0.0,9.3
968,"Lewis-Moore, Kapron",CHI,DL,0.0,0.0,0.0,0.0,0.0,0.0,0.0,0.0,0.0,6.3,9.2
969,"Banyard, Joe",BUF,RB,0.0,0.0,35.9,0.0,6.0,56.0,0.0,0.0,0.0,0.0,9.2
970,"Kerr, Zach",DEN,DL,0.0,0.0,0.0,0.0,0.0,0.0,0.0,0.0,0.0,3.6,9.0
971,"Gray, MarQueis",MIA,TE,0.0,0.0,0.0,0.0,8.6,87.5,0.0,0.0,0.0,0.0,8.7
972,"Johnson, Austin",TEN,DL,0.0,0.0,0.0,0.0,0.0,0.0,0.0,0.0,0.0,4.4,8.7
973,"Niklas, Troy",ARZ,TE,0.0,0.0,0.0,0.0,6.1,72.3,0.2,0.0,0.0,0.0,8.6
974,"Mathews, Ricardo",FA,DL,0.0,0.0,0.0,0.0,0.0,0.0,0.0,0.0,0.0,5.8,8.6
975,"Benn, Arrelious",JAC,WR,0.0,0.0,0.0,0.0,3.5,70.6,0.2,0.0,0.0,0.0,8.4
976,"Morgan, David",MIN,TE,0.0,0.0,0.0,0.0,10.6,81.6,0.0,0.0,0.0,0.0,8.3
977,"Mack, Marlon",IND,RB,0.0,0.0,59.5,0.0,3.7,23.1,0.0,0.0,0.0,0.0,8.2
978,"Hackenberg, Christian",NYJ,QB,363.0,0.5,44.9,0.0,0.0,0.0,0.0,0.0,0.0,0.0,8.2
979,"Williams, Brandon",IND,TE,0.0,0.0,0.0,0.0,4.4,80.0,0.0,0.0,0.0,0.0,8.0
980,"Atkinson, George",CLE,RB,0.0,0.0,37.0,0.8,0.4,0.2,0.0,0.0,0.0,0.0,8.0
981,"Ayers, Demarcus",PIT,WR,0.0,0.0,-4.5,0.0,6.4,61.8,0.4,0.0,0.0,0.0,8.0
982,"Burbridge, Aaron",SFO,WR,0.0,0.0,0.0,0.0,7.3,95.5,0.0,0.0,0.0,0.0,7.9
983,"Catapano, Mike",FA,DL,0.0,0.0,0.0,0.0,0.0,0.0,0.0,0.0,0.0,5.7,7.9
984,"Ferguson, Josh",IND,RB,0.0,0.0,3.7,0.0,8.5,73.8,0.0,0.0,0.0,0.0,7.7
985,"Harris, Dwayne",NYG,WR,0.0,0.0,0.0,0.0,2.8,23.4,0.9,0.0,0.0,0.0,7.7
986,"Brown, Malcolm",LAR,RB,0.0,0.0,49.1,0.0,4.1,36.2,0.0,0.0,0.0,0.0,7.7
987,"Hanna, James",DAL,TE,0.0,0.0,0.0,0.0,7.1,75.7,0.0,0.0,0.0,0.0,7.6
988,"Jacobs, Ben",CAR,LB,0.0,0.0,0.0,0.0,0.0,0.0,0.0,0.0,0.0,5.0,7.6
989,"Erickson, Alex",CIN,WR,0.0,0.0,0.0,0.0,6.2,75.3,0.0,0.0,0.0,0.0,7.5
990,"Ellington, Bruce",SFO,WR,0.0,0.0,5.8,0.0,5.9,86.6,0.0,0.0,0.0,0.0,7.5
991,"Whitehead, Lucky",NYJ,WR,0.0,0.0,37.4,0.0,3.5,51.9,0.0,0.0,0.0,0.0,7.4
992,"Matthews, Chris",BAL,WR,0.0,0.0,0.0,0.0,5.9,71.8,0.2,0.0,0.0,0.0,7.3
993,"Golden, Brittan",ARZ,WR,0.0,0.0,0.0,0.0,6.5,81.3,0.2,0.0,0.0,0.0,7.2
994,"Perkins, Joshua",ATL,TE,0.0,0.0,0.0,0.0,2.8,39.1,0.5,0.0,0.0,0.0,7.2
995,"Reynolds, Josh",LAR,WR,0.0,0.0,3.3,0.0,11.2,89.5,0.0,0.0,0.0,0.0,7.1
996,"Jones, Taiwan",FA,RB,0.0,0.0,21.6,0.0,6.8,47.9,0.0,0.0,0.0,0.0,6.9
997,"Jordan, Dion",SEA,DL,0.0,0.0,0.0,0.0,0.0,0.0,0.0,0.0,0.0,4.1,6.9
998,"Janovich, Andy",DEN,RB,0.0,0.0,10.7,0.2,4.1,45.7,0.0,0.0,0.0,0.0,6.8
999,"Greene, Rashad",JAC,WR,0.0,0.0,0.6,0.0,10.3,81.7,0.2,0.0,0.0,0.0,6.7
1000,"Johnson, David",PIT,TE,0.0,0.0,0.0,0.0,6.0,56.5,0.0,0.0,0.0,0.0,6.7
1001,"McCoy, Colt",WAS,QB,86.2,0.9,-2.9,0.0,0.0,0.0,0.0,0.0,0.0,0.0,6.7
1002,"Butler, Jeremy",BUF,WR,0.0,0.0,0.0,0.0,4.7,65.7,0.0,0.0,0.0,0.0,6.6
1003,"Jones, Aaron",GBP,RB,0.0,0.0,43.6,0.0,2.4,22.0,0.0,0.0,0.0,0.0,6.6
1004,"Carroo, Leonte",MIA,WR,0.0,0.0,0.8,0.0,3.5,32.6,0.5,0.0,0.0,0.0,6.4
1005,"Moore, Kellen",DAL,QB,238.9,0.4,13.6,0.0,0.0,0.0,0.0,0.0,0.0,0.0,6.2
1006,"Harris, Maurice",WAS,WR,0.0,0.0,0.0,0.0,6.1,59.7,0.0,0.0,0.0,0.0,6.0
1007,"Lewis, Tommylee",NOR,WR,0.0,0.0,4.2,0.0,5.7,55.4,0.0,0.0,0.0,0.0,6.0
1008,"Dawson, Paul",CIN,LB,0.0,0.0,0.0,0.0,0.0,0.0,0.0,0.0,0.0,3.8,5.9
1009,"Sterling, Neal",JAC,TE,0.0,0.0,0.0,0.0,6.6,58.4,0.0,0.0,0.0,0.0,5.8
1010,"Calhoun, Shilique",OAK,LB,0.0,0.0,0.0,0.0,0.0,0.0,0.0,0.0,0.0,4.8,5.7
1011,"Armbrister, Thurston",DET,LB,0.0,0.0,0.0,0.0,0.0,0.0,0.0,0.0,0.0,5.6,5.6
1012,"Keenum, Case",MIN,QB,119.3,0.4,1.7,0.0,0.0,0.0,0.0,0.0,0.0,0.0,5.5
1013,"Sankey, Bishop",MIN,RB,0.0,0.0,21.0,0.0,4.4,32.8,0.0,0.0,0.0,0.0,5.4
1014,"Moore, Chris",BAL,WR,0.0,0.0,18.2,0.0,4.8,34.4,0.0,0.0,0.0,0.0,5.2
1015,"Muhammad, Khalfani",TEN,RB,0.0,0.0,30.1,0.0,2.3,21.4,0.0,0.0,0.0,0.0,5.1
1016,"Jones, Landry",PIT,QB,264.8,0.9,3.7,0.0,0.0,0.0,0.0,0.0,0.0,0.0,5.1
1017,"Dye, Donteea",TBB,WR,0.0,0.0,0.0,0.0,4.5,51.0,0.0,0.0,0.0,0.0,5.1
1018,"Freeny, Jonathan",NEP,LB,0.0,0.0,0.0,0.0,0.0,0.0,0.0,0.0,0.0,2.4,5.1
1019,"Anderson, Derek",CAR,QB,96.3,0.7,-3.5,0.0,0.0,0.0,0.0,0.0,0.0,0.0,5.0
1020,"Watson, Deshaun",HOU,QB,419.5,0.0,21.7,0.0,0.0,0.0,0.0,0.0,0.0,0.0,4.9
1021,"Spiller, C.J.",KCC,RB,0.0,0.0,4.2,0.0,5.5,43.8,0.0,0.0,0.0,0.0,4.8
1022,"Mauti, Michael",NOR,LB,0.0,0.0,0.0,0.0,0.0,0.0,0.0,0.0,0.0,4.4,4.7
1023,"Cole, Audie",JAC,LB,0.0,0.0,0.0,0.0,0.0,0.0,0.0,0.0,0.0,3.4,4.7
1024,"Heath, Joel",HOU,DL,0.0,0.0,0.0,0.0,0.0,0.0,0.0,0.0,0.0,3.0,4.6
1025,"Barkley, Matt",SFO,QB,142.0,0.4,1.6,0.0,0.0,0.0,0.0,0.0,0.0,0.0,4.5
1026,"Gabbert, Blaine",ARZ,QB,74.4,0.3,7.9,0.0,0.0,0.0,0.0,0.0,0.0,0.0,4.5
1027,"Tolzien, Scott",IND,QB,156.1,0.2,-10.1,0.0,0.0,0.0,0.0,0.0,0.0,0.0,4.3
1028,"Smith, Jonnu",TEN,TE,0.0,0.0,0.0,0.0,4.3,52.0,0.0,0.0,0.0,0.0,4.3
1029,"Lynch, Cameron",TBB,LB,0.0,0.0,0.0,0.0,0.0,0.0,0.0,0.0,0.0,2.7,4.3
1030,"Bell, Blake",SFO,TE,0.0,0.0,0.0,0.0,2.7,42.0,0.0,0.0,0.0,0.0,4.2
1031,"Stocker, Luke",TBB,TE,0.0,0.0,0.0,0.0,6.5,36.4,0.1,0.0,0.0,0.0,4.2
1032,"Cross, Alan",TBB,TE,0.0,0.0,0.0,0.0,4.0,28.8,0.2,0.0,0.0,0.0,4.0
1033,"Ross, John",CIN,WR,0.0,0.0,2.8,0.0,4.8,37.4,0.0,0.0,0.0,0.0,4.0
1034,"Trubisky, Mitchell",CHI,QB,299.9,0.0,-2.0,0.0,0.0,0.0,0.0,0.0,0.0,0.0,3.9
1035,"Golston, Kedric",FA,DL,0.0,0.0,0.0,0.0,0.0,0.0,0.0,0.0,0.0,0.6,3.6
1036,"Littleton, Cory",LAR,LB,0.0,0.0,0.0,0.0,0.0,0.0,0.0,0.0,0.0,3.1,3.5
1037,"Smelter, DeAndre",SFO,WR,0.0,0.0,0.0,0.0,2.3,34.8,0.0,0.0,0.0,0.0,3.5
1038,"Orchard, Nate",CLE,DL,0.0,0.0,0.0,0.0,0.0,0.0,0.0,0.0,0.0,1.8,3.5
1039,"Swaim, Geoff",DAL,TE,0.0,0.0,0.0,0.0,3.9,33.6,0.0,0.0,0.0,0.0,3.4
1040,"McGuire, Elijah",NYJ,RB,0.0,0.0,46.3,0.0,0.6,6.6,0.0,0.0,0.0,0.0,3.3
1041,"Darboh, Amara",SEA,WR,0.0,0.0,2.6,0.0,2.9,29.8,0.0,0.0,0.0,0.0,3.2
1042,"Yates, T.J.",BUF,QB,119.8,0.0,13.6,0.0,0.0,0.0,0.0,0.0,0.0,0.0,3.2
1043,"Petty, Bryce",NYJ,QB,94.8,0.5,2.2,0.0,0.0,0.0,0.0,0.0,0.0,0.0,3.2
1044,"Davis, Carl",BAL,DL,0.0,0.0,0.0,0.0,0.0,0.0,0.0,0.0,0.0,0.6,2.9
1045,"O'Neal, Cedric",BUF,RB,0.0,0.0,38.2,0.0,1.3,2.7,0.0,0.0,0.0,0.0,2.9
1046,"Phillips, John",NOR,TE,0.0,0.0,0.0,0.0,3.8,29.1,0.0,0.0,0.0,0.0,2.9
1047,"Paul, Niles",WAS,TE,0.0,0.0,0.0,0.0,1.9,28.5,0.0,0.0,0.0,0.0,2.9
1048,"Lanier, Anthony",WAS,DL,0.0,0.0,0.0,0.0,0.0,0.0,0.0,0.0,0.0,0.8,2.7
1049,"Momah, Ifeanyi",ARZ,TE,0.0,0.0,0.0,0.0,2.2,26.3,0.0,0.0,0.0,0.0,2.6
1050,"Vannett, Nick",SEA,TE,0.0,0.0,0.0,0.0,1.8,25.7,0.0,0.0,0.0,0.0,2.6
1051,"Davis, Knile",PIT,RB,0.0,0.0,11.8,0.0,2.0,13.8,0.0,0.0,0.0,0.0,2.6
1052,"Marshall, Byron",PHI,RB,0.0,0.0,22.5,0.0,0.5,2.1,0.0,0.0,0.0,0.0,2.5
1053,"Wilds, Brandon",NYJ,RB,0.0,0.0,14.2,0.0,1.0,10.4,0.0,0.0,0.0,0.0,2.5
1054,"Holton, Johnny",OAK,WR,0.0,0.0,34.0,0.0,1.0,7.7,0.0,0.0,0.0,0.0,2.4
1055,"McBride, Tre",TEN,WR,0.0,0.0,0.4,0.0,0.7,2.8,0.3,0.0,0.0,0.0,2.4
1056,"Hamm, Je'Ron",SFO,TE,0.0,0.0,0.0,0.0,3.7,23.8,0.0,0.0,0.0,0.0,2.4
1057,"Bell, Kenny",BAL,WR,0.0,0.0,16.5,0.0,0.9,6.3,0.0,0.0,0.0,0.0,2.2
1058,"Harbor, Clay",NOR,TE,0.0,0.0,0.0,0.0,1.1,14.1,0.0,0.0,0.0,0.0,2.2
1059,"Lengel, Matt",NEP,TE,0.0,0.0,0.0,0.0,0.3,5.0,0.3,0.0,0.0,0.0,2.1
1060,"Carrier, Derek",WAS,TE,0.0,0.0,0.0,0.0,3.3,21.1,0.0,0.0,0.0,0.0,2.1
1061,"Gragg, Chris",FA,TE,0.0,0.0,0.0,0.0,1.2,17.1,0.0,0.0,0.0,0.0,1.7
1062,"Schaub, Matt",ATL,QB,57.9,0.3,-3.0,0.0,0.0,0.0,0.0,0.0,0.0,0.0,1.7
1063,"Travis, Ross",KCC,TE,0.0,0.0,0.0,0.0,3.4,16.8,0.0,0.0,0.0,0.0,1.7
1064,"Lasco, Daniel",NOR,RB,0.0,0.0,9.6,0.0,1.5,6.9,0.0,0.0,0.0,0.0,1.7
1065,"Treggs, Bryce",PHI,WR,0.0,0.0,5.0,0.0,0.6,11.6,0.0,0.0,0.0,0.0,1.7
1066,"Kaufusi, Bronson",BAL,DL,0.0,0.0,0.0,0.0,0.0,0.0,0.0,0.0,0.0,0.1,1.6
1067,"Glanton, Adarius",TBB,LB,0.0,0.0,0.0,0.0,0.0,0.0,0.0,0.0,0.0,1.5,1.5
1068,"Leggett, Jordan",NYJ,TE,0.0,0.0,0.0,0.0,1.8,14.7,0.0,0.0,0.0,0.0,1.5
1069,"Hager, Bryce",LAR,LB,0.0,0.0,0.0,0.0,0.0,0.0,0.0,0.0,0.0,0.7,1.5
1070,"Fairley, Nick",NOR,DL,0.0,0.0,0.0,0.0,0.0,0.0,0.0,0.0,0.0,1.0,1.4
1071,"Marquez, Bradley",LAR,WR,0.0,0.0,1.4,0.0,1.0,12.1,0.0,0.0,0.0,0.0,1.4
1072,"Kittle, George",SFO,TE,0.0,0.0,0.0,0.0,1.9,13.3,0.0,0.0,0.0,0.0,1.3
1073,"Pope, Troymaine",IND,RB,0.0,0.0,11.8,0.0,0.3,1.4,0.0,0.0,0.0,0.0,1.3
1074,"Adams, Rodney",MIN,WR,0.0,0.0,5.5,0.0,0.9,8.3,0.0,0.0,0.0,0.0,1.3
1075,"Abbrederis, Jared",DET,WR,0.0,0.0,0.0,0.0,0.8,13.1,0.0,0.0,0.0,0.0,1.3
1076,"McGrath, Sean",LAC,TE,0.0,0.0,0.0,0.0,1.2,12.7,0.0,0.0,0.0,0.0,1.3
1077,"Escobar, Gavin",KCC,TE,0.0,0.0,0.0,0.0,1.2,12.3,0.0,0.0,0.0,0.0,1.2
1078,"Braunecker, Ben",CHI,TE,0.0,0.0,0.0,0.0,1.4,12.2,0.0,0.0,0.0,0.0,1.2
1079,"Still, Devon",FA,DL,0.0,0.0,0.0,0.0,0.0,0.0,0.0,0.0,0.0,0.4,1.2
1080,"Henderson, Carlos",DEN,WR,0.0,0.0,-2.0,0.0,3.0,14.4,0.0,0.0,0.0,0.0,1.2
1081,"Bolden, Brandon",NEP,RB,0.0,0.0,5.2,0.0,0.4,5.5,0.0,0.0,0.0,0.0,1.1
1082,"Brothers, Kentrell",MIN,LB,0.0,0.0,0.0,0.0,0.0,0.0,0.0,0.0,0.0,0.7,1.0
1083,"Hundley, Brett",GBP,QB,27.1,0.0,18.1,0.0,0.0,0.0,0.0,0.0,0.0,0.0,1.0
1084,"Hodges, Bucky",MIN,TE,0.0,0.0,0.0,0.0,1.3,9.2,0.0,0.0,0.0,0.0,0.9
1085,"McNichols, Jeremy",TBB,RB,0.0,0.0,5.4,0.0,0.7,4.1,0.0,0.0,0.0,0.0,0.8
1086,"Todman, Jordan",NYJ,RB,0.0,0.0,8.2,0.0,0.0,0.0,0.0,0.0,0.0,0.0,0.8
1087,"Bray, Quan",IND,WR,0.0,0.0,1.4,0.0,0.5,6.6,0.0,0.0,0.0,0.0,0.8
1088,"Brown, Arthur",SEA,LB,0.0,0.0,0.0,0.0,0.0,0.0,0.0,0.0,0.0,0.6,0.8
1089,"James, Mike",DET,RB,0.0,0.0,1.1,0.0,1.1,6.2,0.0,0.0,0.0,0.0,0.7
1090,"Housler, Robert",FA,TE,0.0,0.0,0.0,0.0,0.8,7.3,0.0,0.0,0.0,0.0,0.7
1091,"Pruitt, MyCole",CHI,TE,0.0,0.0,0.0,0.0,1.2,7.0,0.0,0.0,0.0,0.0,0.7
1092,"Williams, Chad",ARZ,WR,0.0,0.0,0.0,0.0,2.9,5.9,0.0,0.0,0.0,0.0,0.6
1093,"Telfer, Randall",CLE,TE,0.0,0.0,0.0,0.0,1.3,5.5,0.0,0.0,0.0,0.0,0.5
1094,"Harvin, Percy",FA,WR,0.0,0.0,-1.0,0.0,0.8,6.3,0.0,0.0,0.0,0.0,0.5
1095,"Manuel, E.J.",OAK,QB,2.7,0.0,3.4,0.0,0.0,0.0,0.0,0.0,0.0,0.0,0.5
1096,"Tialavea, D.J.",ATL,TE,0.0,0.0,0.0,0.0,0.1,0.1,0.1,0.0,0.0,0.0,0.5
1097,"Peerman, Cedric",CIN,RB,0.0,0.0,1.4,0.0,0.6,3.7,0.0,0.0,0.0,0.0,0.5
1098,"Dayes, Matthew",CLE,RB,0.0,0.0,4.7,0.0,0.0,0.0,0.0,0.0,0.0,0.0,0.5
1099,"Graham, Garrett",FA,TE,0.0,0.0,0.0,0.0,0.5,4.6,0.0,0.0,0.0,0.0,0.5
1100,"Hogan, Kevin",CLE,QB,0.0,0.0,4.4,0.0,0.0,0.0,0.0,0.0,0.0,0.0,0.4
1101,"Conner, James",PIT,RB,0.0,0.0,0.7,0.0,0.8,3.4,0.0,0.0,0.0,0.0,0.4
1102,"Ross, Jeremy",ARZ,WR,0.0,0.0,0.0,0.0,0.2,1.5,0.0,0.0,0.0,0.0,0.4
1103,"Crichton, Scott",FA,DL,0.0,0.0,0.0,0.0,0.0,0.0,0.0,0.0,0.0,0.2,0.4
1104,"Payton, Jordan",CLE,WR,0.0,0.0,-0.8,0.0,0.7,4.4,0.0,0.0,0.0,0.0,0.4
1105,"Mettenberger, Zach",FA,QB,3.2,0.0,0.2,0.0,0.0,0.0,0.0,0.0,0.0,0.0,0.3
1106,"Thomas, Jahad",DAL,RB,0.0,0.0,1.1,0.0,0.4,2.0,0.0,0.0,0.0,0.0,0.3
1107,"Rudock, Jake",DET,QB,9.1,0.0,0.1,0.0,0.0,0.0,0.0,0.0,0.0,0.0,0.3
1108,"Wright, Tim",FA,TE,0.0,0.0,0.0,0.0,0.0,0.3,0.0,0.0,0.0,0.0,0.2
1109,"Cohen, Tarik",CHI,RB,0.0,0.0,1.9,0.0,0.0,0.1,0.0,0.0,0.0,0.0,0.2
1110,"Hood, Elijah",OAK,RB,0.0,0.0,1.7,0.0,0.0,0.0,0.0,0.0,0.0,0.0,0.2
1111,"McGloin, Matt",PHI,QB,5.4,0.0,-0.5,0.0,0.0,0.0,0.0,0.0,0.0,0.0,0.2
1112,"Byrd, Damiere",CAR,WR,0.0,0.0,0.0,0.0,0.1,1.5,0.0,0.0,0.0,0.0,0.2
1113,"Saxton, Wes",WAS,TE,0.0,0.0,0.0,0.0,0.1,1.1,0.0,0.0,0.0,0.0,0.1
1114,"Slater, Matt",NEP,WR,0.0,0.0,1.0,0.0,0.0,0.0,0.0,0.0,0.0,0.0,0.1
1115,"Winn, George",NYG,RB,0.0,0.0,1.0,0.0,0.0,0.0,0.0,0.0,0.0,0.0,0.1
1116,"Garoppolo, Jimmy",NEP,QB,21.4,0.1,-10.9,0.0,0.0,0.0,0.0,0.0,0.0,0.0,0.1
1117,"Amaro, Jace",TEN,TE,0.0,0.0,0.0,0.0,0.0,0.8,0.0,0.0,0.0,0.0,0.1
1118,"Grant, Jakeem",MIA,WR,0.0,0.0,1.0,0.0,0.0,0.0,0.0,0.0,0.0,0.0,0.1
1119,"Logan, T.J.",ARZ,RB,0.0,0.0,0.5,0.0,0.0,0.0,0.0,0.0,0.0,0.0,0.1
1120,"Manhertz, Chris",CAR,TE,0.0,0.0,0.0,0.0,0.1,0.5,0.0,0.0,0.0,0.0,0.1
1121,"Wick, Cole",DET,TE,0.0,0.0,0.0,0.0,0.0,0.5,0.0,0.0,0.0,0.0,0.0
1122,"Bond, Devante",TBB,LB,0.0,0.0,0.0,0.0,0.0,0.0,0.0,0.0,0.0,0.0,0.0
1123,"Harkey, Cory",LAR,TE,0.0,0.0,0.0,0.0,0.0,0.3,0.0,0.0,0.0,0.0,0.0
1124,"Mostert, Raheem",SFO,RB,0.0,0.0,0.2,0.0,0.0,0.0,0.0,0.0,0.0,0.0,0.0
1125,"Henderson, De'Angelo",DEN,RB,0.0,0.0,0.2,0.0,0.0,0.0,0.0,0.0,0.0,0.0,0.0
1126,"Shaheen, Adam",CHI,TE,0.0,0.0,0.0,0.0,0.0,0.2,0.0,0.0,0.0,0.0,0.0
1127,"Fuller, Corey",NOR,WR,0.0,0.0,0.0,0.0,0.0,0.2,0.0,0.0,0.0,0.0,0.0
1128,"Cleveland, Asante",LAC,TE,0.0,0.0,0.0,0.0,0.0,0.0,0.0,0.0,0.0,0.0,0.0
1129,"Hilliard, Kenny",HOU,RB,0.0,0.0,0.5,0.0,0.0,0.0,0.0,0.0,0.0,0.0,0.0
1130,"Scott, Rashawn",MIA,WR,0.0,0.0,0.4,0.0,0.0,0.0,0.0,0.0,0.0,0.0,0.0
1131,"Cumberland, Jeff",LAC,TE,0.0,0.0,0.9,0.0,0.0,0.2,0.0,0.0,0.0,0.0,-0.0
1132,"Mayle, Vince",BAL,WR,0.0,0.0,0.0,0.0,0.0,0.0,0.0,0.0,0.0,0.0,-0.0
1133,"Sanchez, Mark",CHI,QB,1.6,0.0,-0.0,0.0,0.0,0.0,0.0,0.0,0.0,0.0,-0.0
1134,"Daniel, Chase",NOR,QB,6.5,0.0,-3.2,0.0,0.0,0.0,0.0,0.0,0.0,0.0,-0.1
1135,"Rush, Cooper",DAL,QB,7.7,0.0,0.0,0.0,0.0,0.0,0.0,0.0,0.0,0.0,-0.1
1136,"Green, Aaron",LAR,RB,0.0,0.0,-1.0,0.0,0.0,0.0,0.0,0.0,0.0,0.0,-0.1
1137,"Mays, Devante",GBP,RB,0.0,0.0,-1.1,0.0,0.0,0.0,0.0,0.0,0.0,0.0,-0.1
1138,"Clemens, Kellen",LAC,QB,0.0,0.0,-1.5,0.0,0.0,0.0,0.0,0.0,0.0,0.0,-0.2
1139,"Carson, Chris",SEA,RB,0.0,0.0,-0.3,0.0,0.0,0.0,0.0,0.0,0.0,0.0,-0.2
1140,"Smith, Geno",NYG,QB,3.3,0.0,0.2,0.0,0.0,0.0,0.0,0.0,0.0,0.0,-0.2
1141,"Williams, Mike",LAC,WR,0.0,0.0,-2.2,0.0,0.0,0.0,0.0,0.0,0.0,0.0,-0.2
1142,"Mahomes, Patrick",KCC,QB,3.8,0.0,-3.9,0.0,0.0,0.0,0.0,0.0,0.0,0.0,-0.2
1143,"Renfree, Sean",FA,QB,1.6,0.0,-0.6,0.0,0.0,0.0,0.0,0.0,0.0,0.0,-0.3
1144,"Kizer, DeShone",CLE,QB,5.1,0.0,0.0,0.0,0.0,0.0,0.0,0.0,0.0,0.0,-0.3
1145,"Davis, Trevor",GBP,WR,0.0,0.0,0.0,0.0,0.0,0.6,0.0,0.0,0.0,0.0,-0.3
1146,"Switzer, Ryan",DAL,WR,0.0,0.0,-5.7,0.0,0.0,0.0,0.0,0.0,0.0,0.0,-0.6
1147,"Jones, Andy",DAL,WR,0.0,0.0,-7.1,0.0,0.0,0.0,0.0,0.0,0.0,0.0,-0.7
1148,"Westbrook, Dede",JAC,WR,0.0,0.0,0.0,0.0,1.7,5.8,0.0,0.0,0.0,0.0,-0.7
1149,"Taliaferro, Lorenzo",BAL,RB,0.0,0.0,13.2,0.0,0.9,3.3,0.0,0.0,0.0,0.0,-0.7
1150,"Reynolds, Keenan",BAL,WR,0.0,0.0,0.0,0.0,0.6,5.1,0.0,0.0,0.0,0.0,-0.7
1151,"Ervin, Tyler",HOU,RB,0.0,0.0,2.2,0.0,1.4,6.9,0.0,0.0,0.0,0.0,-0.8
1152,"Henne, Chad",JAC,QB,0.0,0.0,-9.2,0.0,0.0,0.0,0.0,0.0,0.0,0.0,-0.9
1153,"Mallett, Ryan",BAL,QB,118.7,0.2,-14.4,0.0,0.0,0.0,0.0,0.0,0.0,0.0,-1.0
1154,"Murphy, Marcus",NYJ,RB,0.0,0.0,0.0,0.0,0.3,0.8,0.0,0.0,0.0,0.0,-1.7
1155,"Raymond, Kalif",DEN,WR,0.0,0.0,0.0,0.0,1.9,8.3,0.0,0.0,0.0,0.0,-2.0
1156,"Mannion, Sean",LAR,QB,134.3,0.0,-3.6,0.0,0.0,0.0,0.0,0.0,0.0,0.0,-2.2
1157,"Stanton, Drew",ARZ,QB,214.2,0.0,-13.4,0.0,0.0,0.0,0.0,0.0,0.0,0.0,-6.5

