Rank,Player,Team,Position,Rush,Rush Yds,Rush TDs,0-9 RushTDs,10-19 RushTDs,20-29 RushTDs,30-39 RushTDs,40-49 RushTDs,50+ RushTDs,>= 50yds,>= 100yds,>= 150yds,>= 200yds,Rec,Rec Yds,Rec TDs,>= 50yds,>= 100yds,Punt Ret Yds,Kick Ret Yds,Fum Lost,Scoring Opps,Pts
1,"Gurley, Todd",RAM,RB,316.7,1424.9,14.0,10.1,2.9,0.0,0.0,0.0,1.0,16.0,2.8,0.9,0.4,36.8,341.7,0.3,1.4,0.7,0.0,203.3,1.3,98.1,260.1
2,"Miller, Lamar",HOU,RB,295.0,1198.0,8.0,5.0,1.0,1.0,1.0,0.0,0.0,6.2,1.6,0.5,0.2,43.0,340.0,2.7,1.4,0.7,0.0,0.0,1.4,51.6,215.0
3,"Charles, Jamaal",KCC,RB,217.8,1075.2,11.1,6.9,1.5,0.2,2.0,0.0,0.5,12.5,2.2,0.7,0.3,35.0,274.4,2.7,1.1,0.5,0.0,8.4,2.8,96.3,212.0
4,"Johnson, David",ARZ,RB,192.7,834.9,9.0,5.6,1.8,0.3,0.0,1.1,0.2,9.3,1.7,0.6,0.2,49.2,493.2,2.8,2.0,1.0,0.0,223.3,1.6,71.4,200.4
5,"Rawls, Thomas",SEA,RB,250.0,1215.0,10.1,7.0,1.0,1.0,0.0,0.0,1.1,12.7,2.8,0.8,0.3,20.9,173.9,0.8,0.7,0.3,0.0,0.0,2.0,73.3,200.1
6,"Freeman, Devonta",ATL,RB,202.4,925.1,9.1,6.6,0.8,0.8,0.8,0.0,0.0,7.3,1.4,0.5,0.2,39.6,435.3,0.8,1.4,0.7,0.0,0.0,2.4,87.1,190.7
7,"Bell, Le'Veon",PIT,RB,221.3,964.7,8.0,6.8,1.1,0.2,0.0,0.0,0.0,11.1,1.9,0.6,0.2,46.3,422.2,1.1,2.0,1.0,0.0,0.0,1.3,97.4,190.4
8,"Elliott, Ezekiel",DAL,RB,260.0,1225.0,7.1,5.7,0.7,0.4,0.4,0.0,0.0,13.2,4.9,0.9,0.3,30.0,295.0,0.0,1.4,0.7,0.0,28.1,5.1,85.0,184.6
9,"Peterson, Adrian",MIN,RB,269.6,1144.2,9.0,6.8,0.0,0.0,0.4,1.0,0.7,12.6,2.8,0.8,0.3,30.1,205.2,0.2,0.8,0.4,0.0,8.0,3.4,86.9,183.2
10,"Foster, Arian",MIA,RB,167.7,648.0,7.8,4.8,2.1,0.0,1.0,0.0,0.0,2.6,1.3,0.4,0.2,52.5,518.3,3.1,2.1,1.0,0.0,0.0,1.1,48.5,180.1
11,"Hyde, Carlos",SFO,RB,245.7,924.8,4.8,3.6,0.9,0.0,0.0,0.0,0.3,3.7,1.8,0.6,0.2,56.1,476.7,1.4,1.9,1.0,1.1,209.7,1.0,84.6,175.4
12,"Ingram, Mark",NOR,RB,211.0,945.8,7.7,6.2,0.9,0.6,0.0,0.0,0.0,11.8,1.9,0.6,0.2,45.3,332.2,0.2,1.3,0.7,0.0,0.0,1.3,96.5,172.3
13,"Lacy, Eddie",GBP,RB,219.7,1000.1,4.7,4.3,0.0,0.0,0.0,0.4,0.0,12.6,2.0,0.7,0.3,27.6,272.6,2.8,1.1,0.5,0.0,0.0,2.3,76.5,167.6
14,"Murray, DeMarco",TEN,RB,200.0,835.0,6.6,4.0,1.0,1.0,0.0,0.0,0.6,1.4,0.7,0.2,0.1,50.0,405.0,1.1,0.6,0.3,6.1,12.9,1.2,33.6,167.5
15,"Langford, Jeremy",CHI,RB,185.0,745.0,5.0,3.0,1.0,1.0,0.0,0.0,0.0,11.7,1.9,0.6,0.2,51.5,495.4,2.0,0.0,1.0,0.0,0.0,0.6,96.5,164.9
16,"McCoy, LeSean",BUF,RB,215.2,977.6,4.8,2.4,0.3,0.4,0.3,0.7,0.6,11.9,2.0,0.7,0.2,34.3,278.4,1.5,1.1,0.6,0.9,0.0,2.4,85.8,158.7
17,"Forte, Matt",NYJ,RB,171.9,764.6,4.3,3.2,0.7,0.0,0.3,0.0,0.0,9.6,1.5,0.5,0.2,43.3,380.3,3.0,1.5,0.8,0.0,7.4,1.0,70.8,156.3
18,"Hill, Jeremy",CIN,RB,216.7,864.9,9.6,8.4,0.2,0.0,1.0,0.0,0.0,3.5,1.7,0.6,0.2,21.8,133.1,0.7,0.5,0.3,0.0,0.0,2.7,71.9,156.0
19,"Martin, Doug",TBB,RB,240.2,1115.0,4.2,3.4,0.8,0.0,0.0,0.0,0.0,12.6,2.2,0.7,0.3,29.5,224.4,0.2,0.9,0.4,0.0,0.0,4.5,77.8,151.0
20,"Murray, Latavius",OAK,RB,236.5,965.8,5.0,3.3,0.5,0.6,0.0,0.0,0.5,11.9,1.9,0.6,0.2,39.4,246.7,0.0,1.0,0.5,0.0,60.7,1.6,76.7,147.8
21,"Anderson, C.J.",DEN,RB,200.0,865.0,7.0,4.0,2.0,1.0,0.0,0.0,0.0,11.6,1.8,0.6,0.2,36.6,220.1,0.0,0.9,0.4,0.0,0.0,2.0,58.2,146.5
22,"Jennings, Rashad",NYG,RB,211.9,890.7,4.3,2.8,0.6,0.0,0.8,0.0,0.0,11.1,1.8,0.6,0.2,32.7,304.1,0.5,1.2,0.6,0.0,-4.8,1.9,57.9,143.9
23,"Stewart, Jonathan",CAR,RB,205.6,915.5,5.8,4.1,1.3,0.0,0.0,0.0,0.4,10.6,1.8,0.6,0.2,16.2,101.5,0.9,0.4,0.2,0.0,0.0,1.8,75.1,138.1
24,"Mathews, Ryan",PHI,RB,132.0,603.0,7.0,5.0,1.0,1.0,0.0,0.0,0.0,2.4,1.2,0.4,0.2,38.1,280.1,1.6,1.1,0.6,134.4,0.0,1.3,61.3,137.1
25,"Abdullah, Ameer",DET,RB,165.0,725.0,4.0,1.0,2.0,1.0,0.0,0.0,0.0,2.0,1.0,0.3,0.1,35.7,296.3,1.7,1.2,0.6,0.0,736.7,1.4,40.6,133.3
26,"Forsett, Justin",BAL,RB,182.9,829.6,3.9,1.8,1.6,0.4,0.0,0.0,0.0,9.7,1.7,0.6,0.2,36.1,221.9,1.1,0.9,0.4,0.0,0.0,0.8,74.3,133.2
27,"Gordon, Melvin",SDC,RB,230.0,825.0,1.2,0.5,0.2,0.2,0.2,0.0,0.0,3.3,1.6,0.5,0.2,59.4,382.6,0.5,1.5,0.8,0.0,7.5,2.8,58.3,125.8
28,"Jones, Matt",WAS,RB,149.0,624.7,2.3,1.1,0.0,0.3,0.8,0.0,0.0,2.5,1.2,0.4,0.2,36.8,427.6,1.7,1.7,0.9,0.0,0.0,1.7,57.0,125.6
29,"Bernard, Giovani",CIN,RB,154.1,684.9,1.6,0.3,1.2,0.0,0.0,0.0,0.1,2.7,1.4,0.5,0.2,49.5,422.6,0.9,1.7,0.8,0.0,3.3,0.5,67.5,125.1
30,"Gore, Frank",IND,RB,213.3,805.6,4.2,2.5,0.8,0.0,0.6,0.0,0.3,7.2,1.6,0.5,0.2,23.7,186.3,0.7,0.7,0.4,0.0,0.0,3.0,69.1,122.7
31,"Lewis, Dion",NEP,RB,81.0,360.0,3.1,1.0,2.0,0.0,0.1,0.0,0.0,0.8,0.4,0.1,0.1,52.0,535.0,2.5,1.2,0.6,0.0,0.0,0.6,35.2,122.1
32,"Johnson, Duke",CLE,RB,139.8,514.8,0.0,0.0,0.0,0.0,0.0,0.0,0.0,2.1,1.0,0.3,0.1,67.6,573.2,1.5,2.3,1.1,0.0,64.7,0.0,57.4,117.5
33,"Yeldon, T.J.",JAC,RB,173.7,695.0,2.2,1.4,0.0,0.8,0.1,0.0,0.0,2.8,1.4,0.5,0.2,36.2,280.1,0.7,1.1,0.6,0.0,0.0,0.4,73.5,114.3
34,"Powell, Bilal",NYJ,RB,103.9,499.8,2.0,0.7,1.3,0.0,0.0,0.0,0.0,2.0,1.0,0.3,0.1,50.0,411.1,1.9,1.8,0.9,0.0,27.5,0.2,67.8,113.8
35,"Woodhead, Danny",SDC,RB,86.2,285.4,1.6,1.6,0.0,0.0,0.0,0.0,0.0,1.1,0.6,0.2,0.1,58.3,513.3,3.8,2.1,1.0,0.0,10.6,0.0,56.0,112.4
36,"Blount, LeGarrette",NEP,RB,153.2,624.9,5.2,4.5,0.2,0.0,0.5,0.0,0.0,2.5,1.2,0.4,0.2,11.5,98.0,0.8,0.4,0.2,0.0,0.0,0.0,70.1,108.5
37,"Starks, James",GBP,RB,130.0,522.3,2.6,1.3,0.4,0.0,0.4,0.0,0.4,2.1,1.0,0.3,0.1,36.9,298.3,1.6,1.2,0.6,0.0,0.0,1.6,42.9,104.1
38,"McKinnon, Jerick",MIN,RB,90.9,470.9,2.0,1.0,0.0,0.0,0.0,0.0,1.0,1.9,0.9,0.3,0.1,40.0,335.0,2.0,1.0,0.5,0.0,24.6,0.2,31.1,103.9
39,"Sproles, Darren",PHI,RB,88.8,344.9,4.4,4.4,0.0,0.0,0.0,0.0,0.0,1.4,0.7,0.2,0.1,55.2,394.1,0.8,1.6,0.8,287.4,24.2,0.7,47.9,103.5
40,"Coleman, Tevin",ATL,RB,156.0,652.0,5.0,3.0,1.0,1.0,0.0,0.0,0.0,1.4,0.7,0.2,0.1,15.0,120.0,0.4,0.3,0.1,0.0,0.0,3.2,41.6,103.2
41,"Ivory, Chris",JAC,RB,140.6,595.0,5.4,3.8,1.5,0.0,0.0,0.0,0.0,2.4,1.2,0.4,0.1,18.0,102.3,0.5,0.4,0.2,0.0,17.0,1.0,50.4,103.1
42,"Crowell, Isaiah",CLE,RB,160.8,609.8,4.7,2.6,1.6,0.4,0.0,0.0,0.0,2.4,1.2,0.4,0.2,14.3,130.8,0.5,0.5,0.3,0.0,0.0,1.1,53.3,102.7
43,"Henry, Derrick",TEN,RB,160.0,715.0,4.0,3.0,1.0,0.0,0.0,0.0,0.0,0.4,0.2,0.1,0.0,5.6,45.7,0.0,0.2,0.1,21.9,45.0,0.4,12.8,99.3
44,"Booker, Devontae",DEN,RB,155.0,640.0,5.0,4.0,1.0,0.0,0.0,0.0,0.0,1.8,0.9,0.3,0.1,13.3,86.1,0.0,0.3,0.2,0.0,0.0,2.0,40.0,98.5
45,"Riddick, Theo",DET,RB,65.0,254.6,1.8,0.5,1.3,0.0,0.0,0.0,0.0,1.0,0.5,0.2,0.1,63.6,545.4,1.6,2.2,1.1,0.0,165.3,1.6,43.2,96.8
46,"Howard, Jordan",CHI,RB,130.0,530.0,6.0,5.0,1.0,0.0,0.0,0.0,0.0,1.3,0.6,0.2,0.1,8.5,81.7,0.0,0.3,0.2,0.0,34.0,0.7,32.0,95.8
47,"Hightower, Tim",NOR,RB,119.2,435.3,3.9,3.6,0.3,0.0,0.0,0.0,0.0,1.7,0.9,0.3,0.1,32.4,237.2,0.9,0.9,0.5,0.0,135.2,0.8,53.7,94.6
48,"Sims, Charles",TBB,RB,94.4,398.9,0.6,0.6,0.0,0.0,0.0,0.0,0.0,1.6,0.8,0.3,0.1,40.3,416.4,2.0,1.7,0.8,0.0,0.0,2.1,48.1,92.5
49,"Williams, DeAngelo",PIT,RB,98.5,450.0,4.7,4.7,0.0,0.0,0.0,0.0,0.0,2.7,0.9,0.3,0.1,19.9,187.1,0.0,0.7,0.4,0.0,23.6,0.4,45.1,91.4
50,"West, Charcandrick",KCC,RB,141.7,543.8,3.6,2.7,0.3,0.0,0.6,0.0,0.0,2.2,1.1,0.4,0.1,17.5,147.7,0.3,0.6,0.3,0.0,96.2,0.8,52.5,91.1
51,"Vereen, Shane",NYG,RB,65.7,258.7,0.5,0.5,0.0,0.0,0.0,0.0,0.0,1.0,0.5,0.2,0.1,52.8,436.2,3.1,1.7,0.9,0.0,257.2,0.0,46.8,90.8
52,"Prosise, C.J.",SEA,RB,80.0,325.0,3.0,3.0,0.0,0.0,0.0,0.0,0.0,0.5,0.2,0.1,0.0,37.0,285.0,2.0,0.4,0.2,0.0,0.0,0.4,12.5,90.1
53,"Johnson, Chris",ARZ,RB,173.0,737.5,1.7,0.5,0.0,0.5,0.4,0.2,0.0,4.5,1.5,0.5,0.2,10.7,68.0,0.0,0.3,0.1,0.0,40.6,1.2,77.6,88.2
54,"Allen, Javorius",BAL,RB,112.6,379.8,0.6,0.6,0.0,0.0,0.0,0.0,0.0,1.5,0.8,0.3,0.1,38.5,291.7,2.1,1.2,0.6,0.0,7.8,1.2,60.0,80.6
55,"Gillislee, Mike",BUF,RB,96.1,437.9,4.2,0.8,1.5,0.3,0.3,0.0,1.3,1.8,0.9,0.3,0.1,13.6,89.5,0.8,0.4,0.2,0.0,42.6,1.3,33.8,80.1
56,"Ware, Spencer",KCC,RB,77.3,398.4,6.2,5.5,0.7,0.0,0.0,0.0,0.0,1.6,0.8,0.3,0.1,7.2,21.8,0.0,0.1,0.0,49.2,214.8,0.0,29.5,79.1
57,"Smallwood, Wendell",PHI,RB,138.9,525.1,1.6,1.6,0.0,0.0,0.0,0.0,0.0,1.8,0.9,0.3,0.1,32.4,176.5,0.0,0.7,0.4,116.3,272.8,0.7,54.9,78.7
58,"White, James",NEP,RB,28.4,69.7,2.0,2.0,0.0,0.0,0.0,0.0,0.0,0.3,0.1,0.0,0.0,38.2,387.5,3.3,1.6,0.8,0.0,0.0,0.0,19.1,77.5
59,"Dixon, Kenneth",BAL,RB,75.0,365.0,2.0,1.0,1.0,0.0,0.0,0.0,0.0,0.0,0.0,0.0,0.0,25.0,215.0,1.0,0.0,0.0,0.0,341.2,0.0,0.0,76.0
60,"West, Terrance",BAL,RB,87.0,358.3,5.0,4.0,1.0,0.0,0.0,0.0,0.0,1.4,0.7,0.2,0.1,10.7,89.5,0.3,0.4,0.2,0.0,7.0,0.5,25.1,75.8
61,"Washington, DeAndre",OAK,RB,81.5,324.9,0.8,0.0,0.8,0.0,0.0,0.0,0.0,1.3,0.6,0.2,0.1,39.0,319.0,1.2,1.3,0.6,0.0,23.6,0.4,38.3,75.5
62,"Thompson, Chris",WAS,RB,70.5,316.1,0.0,0.0,0.0,0.0,0.0,0.0,0.0,1.3,0.6,0.2,0.1,38.2,324.4,1.0,1.3,0.6,0.0,22.2,0.0,38.5,70.1
63,"Hillman, Ronnie",DEN,RB,120.0,450.0,3.0,2.0,1.0,0.0,0.0,0.0,0.0,2.0,1.0,0.3,0.1,16.6,84.5,0.0,0.3,0.2,0.0,0.0,0.7,47.2,70.0
64,"Draughn, Shaun",SFO,RB,115.5,374.1,1.0,0.7,0.3,0.0,0.0,0.0,0.0,1.5,0.7,0.2,0.1,34.4,211.8,0.3,0.8,0.4,0.0,73.3,0.3,36.5,65.2
65,"Artis-Payne, Cameron",CAR,RB,83.8,333.2,1.5,0.0,1.5,0.0,0.0,0.0,0.0,1.3,0.7,0.2,0.1,15.7,138.8,1.4,0.6,0.3,0.0,48.0,0.2,26.8,64.2
66,"McFadden, Darren",DAL,RB,90.3,415.4,1.3,1.3,0.0,0.0,0.1,0.0,0.0,4.5,1.2,0.3,0.1,15.3,118.0,0.0,0.5,0.2,0.0,14.3,1.2,32.2,59.0
67,"Andrews, Antonio",TEN,RB,100.5,354.5,2.2,2.2,0.0,0.0,0.0,0.0,0.0,1.4,0.7,0.2,0.1,16.1,131.7,0.0,0.5,0.3,4.0,55.4,1.5,43.9,58.7
68,"Perkins, Paul",NYG,RB,85.8,515.0,0.0,0.0,0.0,0.0,0.0,0.0,0.0,1.3,0.6,0.2,0.1,7.5,61.5,0.0,0.2,0.1,0.0,26.4,0.0,31.7,57.7
69,"Zenner, Zach",DET,RB,92.7,335.1,0.3,0.3,0.0,0.0,0.0,0.0,0.0,1.3,0.7,0.2,0.1,21.2,153.3,1.1,0.6,0.3,0.0,467.3,0.0,33.1,57.5
70,"Morris, Alfred",DAL,RB,124.0,467.5,1.0,1.0,0.0,0.0,0.0,0.0,0.0,1.9,0.9,0.3,0.1,5.3,39.4,0.0,0.2,0.1,0.0,7.9,0.0,37.5,56.9
71,"Ferguson, Josh",IND,RB,45.8,275.0,1.0,1.0,0.0,0.0,0.0,0.0,0.0,0.1,0.0,0.0,0.0,25.0,175.0,1.0,0.0,0.0,0.0,66.1,0.0,3.9,56.9
72,"Carey, Ka'Deem",CHI,RB,68.7,244.9,3.2,3.2,0.0,0.0,0.0,0.0,0.0,1.0,0.5,0.2,0.1,9.5,84.4,1.2,0.3,0.2,0.0,72.5,1.5,37.4,56.1
73,"Grimes, Jonathan",HOU,RB,66.2,303.2,0.6,0.6,0.0,0.0,0.0,0.0,0.0,1.2,0.6,0.2,0.1,20.5,147.8,0.6,0.6,0.3,0.0,0.0,0.0,28.5,52.7
74,"Ellington, Andre",ARZ,RB,47.0,213.5,2.6,1.7,0.0,0.0,0.0,0.2,0.7,0.9,0.4,0.1,0.1,12.9,132.9,0.6,0.5,0.3,0.0,145.9,0.8,11.8,52.1
75,"Harris, DuJuan",SFO,RB,65.0,320.0,0.0,0.0,0.0,0.0,0.0,0.0,0.0,1.3,0.6,0.2,0.1,20.9,204.4,0.0,0.8,0.4,27.7,9.8,0.4,9.2,51.7
76,"Blue, Alfred",HOU,RB,104.8,365.3,0.9,0.8,0.0,0.1,0.0,0.0,0.0,1.5,0.7,0.2,0.1,10.2,69.4,0.2,0.3,0.1,0.0,0.0,0.4,30.3,49.7
77,"Tolbert, Mike",CAR,RB,59.5,218.4,0.2,0.2,0.0,0.0,0.0,0.0,0.0,0.9,0.4,0.1,0.1,12.6,131.3,2.3,0.5,0.3,0.0,8.2,1.1,23.9,47.6
78,"Cunningham, Benny",RAM,RB,53.8,206.0,0.2,0.2,0.0,0.0,0.0,0.0,0.0,0.8,0.4,0.1,0.1,33.4,261.3,0.0,1.0,0.5,0.0,551.4,1.8,23.2,44.4
79,"Bolden, Brandon",NEP,RB,64.0,223.9,0.0,0.0,0.0,0.0,0.0,0.0,0.0,0.9,0.4,0.1,0.1,17.9,139.3,1.3,0.6,0.3,0.0,0.0,0.0,11.5,44.0
80,"Spiller, C.J.",NOR,RB,48.5,149.1,1.3,1.3,0.0,0.0,0.0,0.0,0.0,0.6,0.3,0.1,0.0,30.4,164.4,0.7,0.7,0.3,0.0,88.7,0.0,25.3,43.3
81,"McCluster, Dexter",TEN,RB,44.5,161.3,0.4,0.0,0.0,0.4,0.0,0.0,0.0,0.6,0.3,0.1,0.0,26.1,201.6,1.2,0.8,0.4,197.9,147.1,1.5,21.9,43.1
82,"Ajayi, Jay",MIA,RB,62.9,214.3,1.1,0.0,1.1,0.0,0.0,0.0,0.0,0.9,0.4,0.1,0.1,13.7,145.9,0.0,0.6,0.3,0.0,46.9,0.0,26.5,42.5
83,"Asiata, Matt",MIN,RB,52.2,194.2,0.3,0.3,0.0,0.0,0.0,0.0,0.0,0.8,0.4,0.1,0.0,23.7,194.4,0.5,0.8,0.4,0.0,0.0,0.4,17.3,42.3
84,"Michael, Christine",SEA,RB,98.3,354.6,0.4,0.4,0.0,0.0,0.0,0.0,0.0,1.4,0.7,0.2,0.1,8.3,58.6,0.0,0.2,0.1,0.0,0.0,0.8,13.7,42.3
85,"Jackson, Fred",SEA,RB,25.9,94.5,0.0,0.0,0.0,0.0,0.0,0.0,0.0,0.4,0.2,0.1,0.0,29.6,239.5,1.0,1.0,0.5,0.0,0.0,0.0,16.8,39.7
86,"Oliver, Branden",SDC,RB,74.1,232.7,0.1,0.1,0.0,0.0,0.0,0.0,0.0,0.9,0.5,0.2,0.1,19.6,159.8,0.0,0.6,0.3,0.0,113.6,0.8,23.4,38.2
87,"Williams, Kerwynn",ARZ,RB,82.3,312.6,0.3,0.0,0.0,0.0,0.3,0.0,0.0,1.3,0.6,0.2,0.1,8.4,32.1,0.0,0.1,0.1,0.0,153.5,0.0,24.8,36.4
88,"Turbin, Robert",IND,RB,75.1,253.7,0.2,0.2,0.0,0.0,0.0,0.0,0.0,1.0,0.5,0.2,0.1,14.1,80.2,0.4,0.3,0.2,0.0,19.3,0.8,30.2,35.1
89,"Brown, Donald",NEP,RB,72.5,271.9,0.2,0.2,0.0,0.0,0.0,0.0,0.0,1.1,0.5,0.2,0.1,9.6,66.9,0.0,0.3,0.1,0.0,0.0,0.0,8.2,34.8
90,"Cadet, Travaris",NOR,RB,12.2,30.2,0.0,0.0,0.0,0.0,0.0,0.0,0.0,0.1,0.1,0.0,0.0,27.7,272.3,1.0,1.1,0.5,21.6,141.3,1.5,8.7,33.2
91,"Williams, Andre",NYG,RB,78.2,254.8,0.9,0.6,0.2,0.0,0.0,0.0,0.0,1.0,0.5,0.2,0.1,1.9,15.4,0.0,0.1,0.0,0.0,0.0,0.0,25.6,32.2
92,"Helu, Roy",FA,RB,29.3,122.4,0.0,0.0,0.0,0.0,0.0,0.0,0.0,0.5,0.2,0.1,0.0,19.0,132.6,0.8,0.5,0.3,0.0,302.6,0.0,28.4,30.6
93,"Robinson, Khiry",NYJ,RB,43.5,143.0,1.2,1.2,0.0,0.0,0.0,0.0,0.0,0.6,0.3,0.1,0.0,11.3,76.5,0.0,0.3,0.2,0.0,24.6,0.0,18.9,29.3
94,"Marshall, Keith",WAS,RB,53.4,178.9,0.4,0.4,0.0,0.0,0.0,0.0,0.0,0.7,0.4,0.1,0.0,8.7,69.4,0.4,0.3,0.1,0.0,29.1,0.4,18.2,29.0
95,"Bush, Reggie",BUF,RB,35.8,215.0,0.0,0.0,0.0,0.0,0.0,0.0,0.0,0.3,0.1,0.0,0.0,12.6,74.9,0.0,0.3,0.1,19.0,42.8,0.0,11.5,29.0
96,"Robinson, Denard",JAC,RB,51.5,173.2,0.2,0.2,0.0,0.0,0.0,0.0,0.0,0.7,0.3,0.1,0.0,16.2,123.3,0.0,0.5,0.2,0.0,52.0,1.3,16.7,28.1
97,"Olawale, Jamize",OAK,RB,14.9,82.1,1.0,0.0,1.0,0.0,0.0,0.0,0.0,0.3,0.2,0.1,0.0,8.0,59.6,1.1,0.2,0.1,0.0,0.0,0.0,11.2,26.8
98,"Whittaker, Fozzy",CAR,RB,38.1,151.5,0.5,0.0,0.5,0.0,0.0,0.0,0.0,0.6,0.3,0.1,0.0,9.9,70.9,0.3,0.3,0.1,0.0,225.1,0.0,8.1,26.8
99,"Kuhn, John",NOR,RB,14.0,37.6,2.6,2.6,0.0,0.0,0.0,0.0,0.0,0.2,0.1,0.0,0.0,8.6,63.9,0.0,0.3,0.1,0.0,8.2,0.0,6.2,26.0
100,"Line, Zach",MIN,RB,5.5,8.1,2.1,2.1,0.0,0.0,0.0,0.0,0.0,0.0,0.0,0.0,0.0,6.5,101.2,0.2,0.4,0.2,0.0,45.7,0.0,4.4,25.0
101,"Toussaint, Fitzgerald",PIT,RB,58.5,161.8,0.0,0.0,0.0,0.0,0.0,0.0,0.0,0.6,0.3,0.1,0.0,8.0,90.8,0.0,0.4,0.2,0.0,67.8,0.3,9.9,24.6
102,"Redd, Silas",WAS,RB,36.3,126.5,0.2,0.0,0.2,0.0,0.0,0.0,0.0,0.5,0.3,0.1,0.0,8.2,105.4,0.0,0.4,0.2,0.0,15.0,0.3,13.1,24.1
103,"Burkhead, Rex",CIN,RB,10.0,32.1,0.6,0.0,0.6,0.0,0.0,0.0,0.0,0.1,0.1,0.0,0.0,13.5,105.9,0.9,0.4,0.2,0.0,0.0,0.0,10.3,22.6
104,"Smith, Rod",DAL,RB,-261.3,220.0,0.0,0.0,0.0,0.0,0.0,0.0,0.0,-0.1,-0.0,-0.0,-0.0,0.0,0.0,0.0,-2.4,-1.2,0.0,-13207.6,0.0,-604.7,22.0
105,"Gray, Jonas",JAC,RB,41.2,149.2,0.5,0.5,0.0,0.0,0.0,0.0,0.0,0.6,0.3,0.1,0.0,4.4,39.9,0.0,0.2,0.1,0.0,19.4,0.0,18.6,22.0
106,"Rodgers, Jacquizz",CHI,RB,43.2,139.5,0.0,0.0,0.0,0.0,0.0,0.0,0.0,0.6,0.3,0.1,0.0,9.4,72.6,0.0,0.3,0.1,0.0,22.7,0.0,19.0,21.2
107,"Williams, Damien",MIA,RB,17.3,83.3,0.0,0.0,0.0,0.0,0.0,0.0,0.0,0.3,0.2,0.1,0.0,17.2,121.8,0.2,0.5,0.2,0.0,411.4,0.9,14.0,19.8
108,"Dunbar, Lance",DAL,RB,10.6,63.5,0.0,0.0,0.0,0.0,0.0,0.0,0.0,0.3,0.1,0.0,0.0,12.1,121.7,0.0,0.5,0.2,0.7,136.5,0.0,9.0,18.5
109,"Ward, Terron",ATL,RB,25.3,75.2,0.3,0.3,0.0,0.0,0.0,0.0,0.0,0.3,0.2,0.1,0.0,11.5,75.5,0.2,0.3,0.2,0.0,8.1,0.0,19.1,17.8
110,"Cobb, David",TEN,RB,56.0,135.6,0.4,0.4,0.0,0.0,0.0,0.0,0.0,0.5,0.3,0.1,0.0,0.0,0.0,0.0,0.0,0.0,0.0,0.0,0.0,11.1,15.9
111,"Jones, Taiwan",OAK,RB,16.0,63.2,0.0,0.0,0.0,0.0,0.0,0.0,0.0,0.3,0.1,0.0,0.0,10.5,105.3,0.1,0.4,0.2,0.0,740.4,1.2,13.0,15.2
112,"Richard, Jalen",OAK,RB,16.8,70.1,0.0,0.0,0.0,0.0,0.0,0.0,0.0,0.3,0.1,0.0,0.0,11.2,61.9,0.0,0.2,0.1,0.0,251.0,0.0,14.1,13.2
113,"Darkwa, Orleans",NYG,RB,22.5,88.3,0.2,0.0,0.2,0.0,0.0,0.0,0.0,0.4,0.2,0.1,0.0,2.7,28.3,0.0,0.1,0.1,0.0,0.0,0.0,9.5,12.9
114,"Taylor, Stepfan",ARZ,RB,30.8,102.8,0.0,0.0,0.0,0.0,0.0,0.0,0.0,0.4,0.2,0.1,0.0,2.5,23.1,0.1,0.1,0.0,0.0,24.4,0.2,14.5,12.8
115,"Crockett, John",GBP,RB,32.6,71.0,0.0,0.0,0.0,0.0,0.0,0.0,0.0,0.3,0.1,0.0,0.0,6.8,47.8,0.0,0.2,0.1,0.0,0.0,0.0,7.1,11.9
116,"DiMarco, Patrick",ATL,RB,1.0,0.0,0.0,0.0,0.0,0.0,0.0,0.0,0.0,0.0,0.0,0.0,0.0,10.2,94.1,0.4,0.4,0.2,0.0,20.3,0.0,3.6,11.9
117,"Taliaferro, Lorenzo",BAL,RB,12.8,48.6,0.2,0.2,0.0,0.0,0.0,0.0,0.0,0.2,0.1,0.0,0.0,6.0,52.1,0.0,0.2,0.1,0.0,280.1,0.4,11.6,10.4
118,"Brown, Bryce",SEA,RB,18.9,78.1,0.4,0.4,0.0,0.0,0.0,0.0,0.0,0.3,0.2,0.1,0.0,0.0,0.0,0.0,0.0,0.0,0.0,0.0,0.0,0.4,10.1
119,"Davis, Knile",KCC,RB,24.3,74.4,0.2,0.2,0.0,0.0,0.0,0.0,0.0,0.3,0.1,0.0,0.0,3.2,26.7,0.0,0.1,0.1,0.0,618.7,0.8,2.2,9.6
120,"Hunt, Akeem",HOU,RB,14.4,74.5,0.0,0.0,0.0,0.0,0.0,0.0,0.0,0.3,0.1,0.0,0.0,4.3,13.6,0.0,0.1,0.0,0.0,20.2,0.0,2.1,8.8
121,"Davis, Mike",SFO,RB,36.5,45.9,0.0,0.0,0.0,0.0,0.0,0.0,0.0,0.2,0.1,0.0,0.0,8.0,38.7,0.0,0.2,0.1,0.0,0.0,0.0,21.1,8.5
122,"Thompson, Juwan",DEN,RB,13.0,36.1,0.0,0.0,0.0,0.0,0.0,0.0,0.0,0.1,0.1,0.0,0.0,3.4,40.8,0.0,0.2,0.1,0.0,0.0,0.0,9.3,7.7
123,"Brown, Malcolm",RAM,RB,21.2,65.9,0.0,0.0,0.0,0.0,0.0,0.0,0.0,0.3,0.1,0.0,0.0,6.5,8.7,0.0,0.0,0.0,0.0,214.9,0.0,2.3,7.4
124,"Johnson, Gus",ATL,RB,26.4,72.4,0.0,0.0,0.0,0.0,0.0,0.0,0.0,0.3,0.1,0.0,0.0,3.8,30.0,0.0,0.1,0.1,0.0,8.0,1.5,16.7,7.2
125,"Gaskins, Kendall",SFO,RB,16.4,34.2,0.0,0.0,0.0,0.0,0.0,0.0,0.0,0.1,0.1,0.0,0.0,4.2,36.0,0.0,0.1,0.1,0.0,0.0,0.0,4.5,7.0
126,"Richardson, Trent",FA,RB,16.8,53.2,0.5,0.5,0.0,0.0,0.0,0.0,0.0,0.2,0.1,0.0,0.0,1.5,15.2,0.0,0.1,0.0,0.0,0.0,1.5,8.9,6.8
127,"Ridley, Stevan",DET,RB,21.9,64.8,0.0,0.0,0.0,0.0,0.0,0.0,0.0,0.3,0.1,0.0,0.0,0.0,0.0,0.0,0.0,0.0,0.0,0.0,0.0,3.8,6.5
128,"Drake, Kenyan",MIA,RB,26.0,57.6,0.0,0.0,0.0,0.0,0.0,0.0,0.0,0.2,0.1,0.0,0.0,2.8,14.1,0.0,0.1,0.0,0.0,210.1,0.8,7.8,5.6
129,"Barner, Kenjon",PHI,RB,5.9,30.2,0.4,0.0,0.0,0.0,0.0,0.0,0.4,0.1,0.1,0.0,0.0,0.0,0.0,0.0,0.0,0.0,-6.6,0.0,0.4,0.8,4.9
130,"Pressley, Jhurell",MIN,RB,8.8,19.5,0.0,0.0,0.0,0.0,0.0,0.0,0.0,0.1,0.0,0.0,0.0,4.8,28.7,0.0,0.1,0.1,0.0,38.5,0.0,5.8,4.8
131,"James, Mike",TBB,RB,20.1,43.4,0.0,0.0,0.0,0.0,0.0,0.0,0.0,0.2,0.1,0.0,0.0,3.3,11.4,0.0,0.0,0.0,97.0,184.0,0.4,6.2,4.8
132,"Winn, George",DET,RB,9.5,10.0,0.0,0.0,0.0,0.0,0.0,0.0,0.0,0.0,0.0,0.0,0.0,2.8,28.6,0.0,0.1,0.1,0.0,14.0,0.3,1.8,3.2
133,"Collins, Alex",SEA,RB,3.7,22.5,0.0,0.0,0.0,0.0,0.0,0.0,0.0,0.1,0.0,0.0,0.0,0.3,2.0,0.0,0.0,0.0,0.0,9.2,0.0,0.8,2.4
134,"Brown, Mack",WAS,RB,5.2,13.6,0.0,0.0,0.0,0.0,0.0,0.0,0.0,0.1,0.0,0.0,0.0,2.6,9.6,0.0,0.0,0.0,0.0,0.0,0.0,2.2,2.3
135,"Wegher, Brandon",CAR,RB,5.5,22.8,0.0,0.0,0.0,0.0,0.0,0.0,0.0,0.1,0.0,0.0,0.0,0.1,0.3,0.0,0.0,0.0,0.0,58.9,0.0,0.2,2.3
136,"Young, Darrel",CHI,RB,4.9,14.2,0.0,0.0,0.0,0.0,0.0,0.0,0.0,0.1,0.0,0.0,0.0,2.9,5.8,0.0,0.0,0.0,0.0,0.0,0.0,1.3,2.2
137,"Sherman, Anthony",KCC,RB,1.0,0.0,0.0,0.0,0.0,0.0,0.0,0.0,0.0,0.0,0.0,0.0,0.0,2.3,20.3,0.0,0.1,0.0,0.0,20.2,0.0,2.0,2.0
138,"Ervin, Tyler",HOU,RB,7.3,13.1,0.0,0.0,0.0,0.0,0.0,0.0,0.0,0.1,0.0,0.0,0.0,0.9,5.7,0.0,0.0,0.0,0.0,0.0,0.0,2.7,1.9
139,"Williams, Jonathan",BUF,RB,5.9,13.2,0.0,0.0,0.0,0.0,0.0,0.0,0.0,0.1,0.0,0.0,0.0,0.1,0.4,0.0,0.0,0.0,0.0,33.1,0.0,2.3,1.4
140,"Jackson, Darius",DAL,RB,4.2,21.8,0.0,0.0,0.0,0.0,0.0,0.0,0.0,0.1,0.0,0.0,0.0,0.0,0.0,0.0,0.0,0.0,0.0,41.3,0.4,1.7,1.3
141,"Johnson, Will",NYG,RB,0.9,0.0,0.0,0.0,0.0,0.0,0.0,0.0,0.0,0.0,0.0,0.0,0.0,1.5,12.4,0.0,0.0,0.0,0.0,0.0,0.0,1.8,1.2
142,"Rainey, Bobby",NYG,RB,3.2,8.1,0.0,0.0,0.0,0.0,0.0,0.0,0.0,0.0,0.0,0.0,0.0,0.9,3.5,0.0,0.0,0.0,139.3,241.8,0.0,2.1,1.2
143,"Taylor, Kelvin",SFO,RB,6.4,10.9,0.0,0.0,0.0,0.0,0.0,0.0,0.0,0.0,0.0,0.0,0.0,0.1,0.5,0.0,0.0,0.0,4.8,0.0,0.0,3.1,1.1
144,"Peerman, Cedric",CIN,RB,2.3,1.2,0.0,0.0,0.0,0.0,0.0,0.0,0.0,0.0,0.0,0.0,0.0,0.9,7.0,0.0,0.0,0.0,0.0,38.1,0.0,0.5,0.8
145,"Atkinson, George",OAK,RB,7.2,5.4,0.0,0.0,0.0,0.0,0.0,0.0,0.0,0.0,0.0,0.0,0.0,0.0,0.0,0.0,0.0,0.0,0.0,0.0,0.0,9.1,0.5
146,"Richardson, Daryl",PIT,RB,2.3,0.2,0.0,0.0,0.0,0.0,0.0,0.0,0.0,0.0,0.0,0.0,0.0,0.6,4.9,0.0,0.0,0.0,0.0,184.7,0.0,1.7,0.5
147,"Todman, Jordan",IND,RB,1.4,4.2,0.0,0.0,0.0,0.0,0.0,0.0,0.0,0.0,0.0,0.0,0.0,0.0,0.0,0.0,0.0,0.0,0.0,18.6,0.0,4.2,0.4
148,"Ripkowski, Aaron",GBP,RB,0.0,0.0,0.0,0.0,0.0,0.0,0.0,0.0,0.0,0.0,0.0,0.0,0.0,0.2,3.3,0.0,0.0,0.0,0.0,0.0,0.0,0.0,0.3
149,"Neal, Rajion",CLE,RB,1.1,2.2,0.0,0.0,0.0,0.0,0.0,0.0,0.0,0.0,0.0,0.0,0.0,0.0,0.0,0.0,0.0,0.0,0.0,63.8,0.0,1.6,0.2
150,"Barber, Peyton",TBB,RB,1.6,2.9,0.0,0.0,0.0,0.0,0.0,0.0,0.0,0.0,0.0,0.0,0.0,0.0,0.0,0.0,0.0,0.0,2.7,57.2,0.0,0.0,0.2
151,"Williams, Trey",IND,RB,0.1,0.7,0.0,0.0,0.0,0.0,0.0,0.0,0.0,0.0,0.0,0.0,0.0,0.0,0.0,0.0,0.0,0.0,0.0,0.0,0.0,0.0,0.1
152,"Mostert, Raheem",CLE,RB,0.0,0.0,0.0,0.0,0.0,0.0,0.0,0.0,0.0,0.0,0.0,0.0,0.0,0.0,0.0,0.0,0.0,0.0,0.0,425.0,0.0,0.0,-0.1
153,"Wilder, James",BUF,RB,5.0,15.8,0.0,0.0,0.0,0.0,0.0,0.0,0.0,0.1,0.0,0.0,0.0,0.0,0.0,0.0,0.0,0.0,0.0,75.1,0.9,0.0,-0.3
154,"Winston, Glenn",CLE,RB,6.6,4.7,0.0,0.0,0.0,0.0,0.0,0.0,0.0,0.0,0.0,0.0,0.0,1.0,0.4,0.0,0.0,0.0,0.0,408.9,2.2,4.1,-3.8

